x_position,y_position,x_velocity,y_velocity,angle,angular_velocity,left_leg,right_leg
-0.044504263,1.3486001,-0.7617169,-0.39336884,0.04510259,0.14062914,0.0,0.0
-0.082238294,1.3029197,-0.7618187,-0.41499758,0.080240935,0.14052127,0.0,0.0
-0.12266693,1.2714256,-0.8419229,-0.17892386,0.10737207,0.09680105,0.0,0.0
-0.16568136,1.2496448,-0.89222276,-0.2050427,0.1610577,0.30035162,0.0,0.0
-0.21110716,1.2377394,-0.92749226,-0.042760544,0.23582359,0.31714264,0.0,0.0
-0.25895673,1.2446475,-1.006998,0.12707213,0.31503564,0.31640494,0.0,0.0
-0.312879,1.2700104,-1.152334,0.27638742,0.38746253,0.2672353,0.0,0.0
-0.3744186,1.3117409,-1.3086815,0.43228725,0.44916603,0.23224291,0.0,0.0
-0.43932915,1.3593171,-1.3086431,0.4106369,0.5072251,0.23223206,0.0,0.0
-0.50520414,1.403637,-1.3477005,0.37241718,0.59563327,0.43088308,0.0,0.0
-0.5717148,1.4450532,-1.3475289,0.35066006,0.7033437,0.4308142,0.0,0.0
-0.6391631,1.4829434,-1.3828712,0.30511695,0.8455071,0.6576943,0.0,0.0
-0.7072912,1.5177858,-1.3823407,0.28323406,1.009894,0.65744936,0.0,0.0
-0.7830089,1.556788,-1.6355221,0.3449415,1.1743823,0.64703584,0.0,0.0
-0.8638562,1.5980504,-1.6196492,0.35399866,1.2990981,0.40734583,0.0,0.0
-0.94460416,1.6379229,-1.6193956,0.3323574,1.4009259,0.4072876,0.0,0.0
-1.0174152,1.6695529,-1.9376142,0.33530834,1.4811187,0.39296976,0.0,0.0
0.026500225,1.4698374,0.41851074,0.4255664,-0.00015748515,0.09272012,0.0,0.0
0.047657967,1.5162586,0.41844153,0.40395084,0.023009475,0.092649005,0.0,0.0
0.06881199,1.5602561,0.41837436,0.38233298,0.046159063,0.09257859,0.0,0.0
0.08929519,1.6184021,0.40999708,0.6186393,0.06890088,0.10528128,0.0,0.0
0.11129169,1.6867595,0.46111387,0.59927523,0.06403576,-0.10039433,0.0,0.0
0.13530818,1.7528217,0.5129393,0.57961816,0.008333787,-0.30841848,0.0,0.0
0.16130428,1.8165545,0.560737,0.5562491,-0.097146995,-0.50028336,0.0,0.0
0.18923768,1.8777252,0.61107624,0.5284164,-0.2514798,-0.70686257,0.0,0.0
0.2191474,1.9361328,0.6542865,0.49648377,-0.4562466,-0.8954064,0.0,0.0
0.25635844,2.0065482,0.8821454,0.69359344,-0.6763981,-0.8729952,0.0,0.0
0.2978677,2.086583,0.84155846,0.6950693,-0.85809785,-0.63394886,0.0,0.0
0.3382474,2.1665418,0.8106101,0.7003881,-0.982145,-0.39647934,0.0,0.0
0.3867194,2.251181,1.0996289,0.77374804,-1.0761971,-0.36802337,0.0,0.0
0.44177467,2.3365512,1.1203258,0.72212195,-1.2032127,-0.6079759,0.0,0.0
0.5090219,2.4226017,1.5246214,0.7738704,-1.3499479,-0.5919738,0.0,0.0
0.5850154,2.5104215,1.5240782,0.75220597,-1.4979147,-0.5917952,0.0,0.0
0.66131765,2.5941103,1.5247833,0.6967084,-1.6845744,-0.8475081,0.0,0.0
0.74978924,2.673824,1.9126762,0.6628456,-1.9047703,-0.9040489,0.0,0.0
0.845912,2.7483206,1.8869221,0.6088461,-2.1705623,-1.1694582,0.0,0.0
0.95048654,2.8069012,2.1341147,0.43341964,-2.457531,-1.1495955,0.0,0.0
1.0177393,2.8326433,2.2254303,0.31944945,-2.6283443,-1.1348832,0.0,0.0
-0.0045152665,1.3625829,-0.051511895,-0.36892632,-0.018347368,-0.14393009,0.0,0.0
-0.0074512484,1.3196387,-0.05140672,-0.39055365,-0.05430896,-0.14381571,0.0,0.0
-0.010381127,1.2742805,-0.0513042,-0.41218522,-0.09024276,-0.14370373,0.0,0.0
-0.011353398,1.2414596,-0.0143624395,-0.20259847,-0.121633925,-0.14251713,0.0,0.0
-0.012427712,1.2172595,-0.014481987,-0.22518423,-0.15724418,-0.14241014,0.0,0.0
-0.011938667,1.2075063,0.049401335,0.019352201,-0.19451025,-0.14832312,0.0,0.0
-0.009835911,1.208343,0.049394287,-0.0022703526,-0.23159069,-0.14832066,0.0,0.0
-0.0065543177,1.2062944,0.098743066,-0.032865297,-0.29988086,-0.35666376,0.0,0.0
-0.001320076,1.2010207,0.14731407,-0.066922925,-0.42050755,-0.57176155,0.0,0.0
0.0047628405,1.1930351,0.14708503,-0.08882904,-0.56342375,-0.57160074,0.0,0.0
0.010059548,1.183747,0.110172525,-0.09342984,-0.67669636,-0.3766323,0.0,0.0
0.02352705,1.1845207,0.39346626,0.055980135,-0.76362526,-0.33085638,0.0,0.0
0.042615604,1.19026,0.3933442,0.034299213,-0.84633464,-0.33082515,0.0,0.0
0.06906853,1.2026494,0.64287055,0.15316874,-0.9284542,-0.3342784,0.0,0.0
0.10696173,1.2285066,0.8611661,0.252174,-1.0180241,-0.3575524,0.0,0.0
0.16032925,1.2660278,1.2532704,0.37417296,-1.1077023,-0.3531011,0.0,0.0
0.23137656,1.3159108,1.5777757,0.46342966,-1.201352,-0.37130058,0.0,0.0
0.30958834,1.3694899,1.56259,0.47245905,-1.2578427,-0.13294813,0.0,0.0
0.38761872,1.4216661,1.5625637,0.45085362,-1.2910795,-0.13294646,0.0,0.0
0.47631425,1.4776115,1.9086878,0.5083474,-1.3295511,-0.15583666,0.0,0.0
0.57133245,1.5355812,1.8954061,0.5203733,-1.3302276,0.10336222,0.0,0.0
0.67750627,1.5965654,2.249316,0.5664789,-1.304347,0.09299957,0.0,0.0
0.7900364,1.6584964,2.2493026,0.5448764,-1.281097,0.092999175,0.0,0.0
0.9025713,1.7179995,2.24929,0.5232738,-1.2578475,0.09299833,0.0,0.0
1.0261834,1.7791891,2.6343138,0.580407,-1.2304565,0.103595115,0.0,0.0
-0.030110836,1.3384049,-0.538525,-0.5487202,0.06214189,0.31157786,0.0,0.0
-0.05521393,1.2754564,-0.49350166,-0.56760013,0.113570586,0.12904486,0.0,0.0
-0.07956819,1.2102047,-0.49359006,-0.58923155,0.1458146,0.12894592,0.0,0.0
-0.10513754,1.142276,-0.5459846,-0.61646736,0.20892085,0.34228402,0.0,0.0
-0.13160066,1.0717562,-0.5457853,-0.6391469,0.2944429,0.34200257,0.0,0.0
-0.1591876,0.9983195,-0.5941669,-0.6719583,0.41011006,0.55299336,0.0,0.0
-0.18879537,0.9214687,-0.641815,-0.709535,0.5815862,0.7775351,0.0,0.0
-0.21834087,0.8430466,-0.598667,-0.710257,0.7419332,0.54392606,0.0,0.0
-0.25377998,0.7729746,-0.8255676,-0.57941514,0.8781431,0.549615,0.0,0.0
-0.30278173,0.71632093,-1.1055375,-0.46778917,1.0117849,0.54339373,0.0,0.0
-0.3573965,0.6640436,-1.105134,-0.4895424,1.1476122,0.54325557,0.0,0.0
-0.41264734,0.60773784,-1.1234844,-0.54522645,1.3234159,0.80958176,0.0,0.0
-0.4769838,0.55162555,-1.4082721,-0.5153186,1.5294088,0.83767235,0.0,0.0
-0.5474935,0.49536353,-1.4071686,-0.5369027,1.738751,0.83716697,0.0,0.0
-0.61838466,0.43657222,-1.4060948,-0.55833477,1.9479672,0.8366623,0.0,0.0
-0.7012176,0.36906254,-1.7565683,-0.6826547,2.162401,0.8514231,0.0,0.0
-0.77020115,0.3215174,-1.3150579,0.02737578,2.4492288,4.0605955,0.0,0.0
-0.013396645,1.3928319,-0.22585788,-0.14464112,0.015240952,0.050574817,0.0,0.0
-0.024562646,1.3751051,-0.22589496,-0.16625205,0.027877565,0.05053577,0.0,0.0
-0.035857677,1.367593,-0.23012432,0.013702148,0.041162893,0.056466155,0.0,0.0
-0.045959186,1.367847,-0.1754103,-0.0051740706,0.023452008,-0.16329283,0.0,0.0
-0.05627527,1.3657516,-0.22386524,-0.028716885,0.011161409,0.031220745,0.0,0.0
-0.068496324,1.361002,-0.27025816,-0.051344864,0.046788707,0.21713707,0.0,0.0
-0.08146067,1.3538252,-0.27025348,-0.0729941,0.10107164,0.2171282,0.0,0.0
-0.093279265,1.3443513,-0.22136025,-0.09232934,0.1264336,0.02063309,0.0,0.0
-0.1030757,1.3326796,-0.16929916,-0.11060624,0.10072912,-0.18938287,0.0,0.0
-0.113175966,1.3184764,-0.21750443,-0.13548763,0.08283298,0.005215516,0.0,0.0
-0.1251072,1.301573,-0.2640674,-0.16074175,0.11128912,0.19341579,0.0,0.0
-0.13664064,1.282292,-0.21440816,-0.17881426,0.12965795,-0.0072617717,0.0,0.0
-0.14948311,1.2774265,-0.2757212,0.0387642,0.124791294,-0.021884752,0.0,0.0
-0.16429453,1.2960533,-0.301929,0.2470238,0.12084362,-0.0060720965,0.0,0.0
-0.17828283,1.3225446,-0.25352097,0.2286498,0.09087909,-0.20147347,0.0,0.0
-0.19306031,1.3582802,-0.29474494,0.3924102,0.03575086,-0.22348937,0.0,0.0
-0.20895132,1.4184803,-0.30127367,0.6335056,-0.02172774,-0.22514093,0.0,0.0
-0.22569013,1.4883785,-0.3478214,0.61334866,-0.05020185,-0.038364947,0.0,0.0
-0.24317813,1.5559301,-0.34782147,0.5917471,-0.059793085,-0.038364865,0.0,0.0
-0.26027256,1.633649,-0.3277012,0.76697516,-0.07001249,-0.037329923,0.0,0.0
-0.27675194,1.7184862,-0.32770136,0.7453736,-0.07934496,-0.03732986,0.0,0.0
-0.2932312,1.8008946,-0.3277016,0.723772,-0.088677414,-0.037329763,0.0,0.0
-0.30869046,1.8807328,-0.28458732,0.69956803,-0.12381507,-0.2110875,0.0,0.0
-0.32216635,1.9578404,-0.23365438,0.6724969,-0.2092989,-0.41908374,0.0,0.0
-0.33290353,2.0486052,-0.17465663,0.86874956,-0.31678423,-0.4405989,0.0,0.0
-0.3426788,2.145475,-0.1747609,0.8469586,-0.4269228,-0.44052538,0.0,0.0
-0.3479692,2.2533596,-0.050208546,1.024419,-0.5365913,-0.4634211,0.0,0.0
-0.3514575,2.3681185,-0.050390743,1.0026296,-0.65243375,-0.46333534,0.0,0.0
-0.34735554,2.4919722,0.1883735,1.1431787,-0.7631835,-0.43628532,0.0,0.0
-0.33066496,2.6303623,0.47783843,1.2736286,-0.8683193,-0.40264863,0.0,0.0
-0.3000621,2.784001,0.71934545,1.410136,-0.973233,-0.44017053,0.0,0.0
-0.26467878,2.942606,0.71908796,1.3884273,-1.0832646,-0.44009718,0.0,0.0
-0.2228652,3.105757,0.9307176,1.4669827,-1.1994858,-0.4839478,0.0,0.0
-0.17671585,3.271078,0.93036956,1.4453015,-1.3204577,-0.48385024,0.0,0.0
-0.13021097,3.4324477,0.9383459,1.3921105,-1.4770817,-0.72377306,0.0,0.0
-0.08332767,3.5903451,0.9375232,1.370488,-1.6579756,-0.7234469,0.0,0.0
-0.036247443,3.7441683,0.9292663,1.3184353,-1.8747256,-0.9554054,0.0,0.0
0.022846604,3.8900568,1.2998152,1.2262757,-2.1201117,-0.9988311,0.0,0.0
0.098018646,4.019397,1.5697871,1.0680662,-2.3665957,-0.99389,0.0,0.0
0.17846927,4.1404366,1.5687819,1.0472578,-2.6149416,-0.99304616,0.0,0.0
0.26007336,4.2590656,1.6069924,1.0378749,-2.836148,-0.8141165,0.0,0.0
0.34513682,4.3579545,1.6786156,0.7609014,-3.0387008,-0.79898614,0.0,0.0
0.4297927,4.441947,1.6252877,0.7389104,-3.2710378,-1.0127255,0.0,0.0
0.5146693,4.5224743,1.6744311,0.7102043,-3.4950273,-0.8062867,0.0,0.0
0.59493196,4.5835886,1.5058887,0.46787947,-3.6933932,-0.78947586,0.0,0.0
0.6708368,4.6340117,1.4661059,0.46713555,-3.9241967,-1.0099596,0.0,0.0
0.7457504,4.6821456,1.4673258,0.44624212,-4.1765537,-1.0090737,0.0,0.0
0.82075864,4.725813,1.4906235,0.3932883,-4.389891,-0.7539186,0.0,0.0
0.8953413,4.767474,1.4788315,0.40535218,-4.6168275,-1.011875,0.0,0.0
0.9581989,4.808544,1.0999653,0.39571884,-4.86606,-0.9970911,0.0,0.0
1.0017284,4.8402495,1.1012064,0.37827107,-5.0653915,-0.9964088,0.0,0.0
-0.014491844,1.4668796,-0.21671388,0.4037379,-0.013990575,-0.13680613,0.0,0.0
-0.026841927,1.5109183,-0.26296023,0.38383442,-0.018719967,0.049050055,0.0,0.0
-0.039866924,1.5526386,-0.26299685,0.36222363,-0.0064644897,0.04901327,0.0,0.0
-0.051707555,1.5919183,-0.21425335,0.34018648,-0.023991132,-0.14619848,0.0,0.0
-0.06271677,1.6424227,-0.2108331,0.5306111,-0.06167043,-0.1552872,0.0,0.0
-0.073650554,1.7007046,-0.21083578,0.50898606,-0.100491695,-0.15528369,0.0,0.0
-0.08591509,1.7567077,-0.26488426,0.4899995,-0.10570629,0.062069695,0.0,0.0
-0.09773836,1.8101193,-0.20983414,0.4638074,-0.122324914,-0.16088298,0.0,0.0
-0.10739823,1.8606864,-0.15738364,0.43709278,-0.19401349,-0.37436837,0.0,0.0
-0.11515751,1.9083894,-0.11237776,0.4076692,-0.31456718,-0.56354886,0.0,0.0
-0.121033765,1.952935,-0.066991344,0.37188274,-0.48566088,-0.77217656,0.0,0.0
-0.121191405,2.007131,0.120831095,0.5315163,-0.678809,-0.76028997,0.0,0.0
-0.11557913,2.0661886,0.15913284,0.48314077,-0.9058376,-1.0105573,0.0,0.0
-0.100038335,2.1319647,0.46347865,0.59018916,-1.1596195,-1.009725,0.0,0.0
-0.065410234,2.2084382,0.85616696,0.6698202,-1.4155108,-1.0303899,0.0,0.0
-0.022553254,2.2845764,0.8564892,0.61336493,-1.7102654,-1.2925158,0.0,0.0
0.021359062,2.3587391,0.86868745,0.62753713,-1.9901655,-1.0169339,0.0,0.0
0.06551771,2.4295554,0.8381745,0.57527375,-2.2830853,-1.2782393,0.0,0.0
0.11067076,2.497492,0.87421685,0.5781968,-2.564604,-1.0443239,0.0,0.0
0.16147995,2.5520172,1.0321977,0.38643295,-2.8288558,-1.0695384,0.0,0.0
0.21456337,2.5944564,0.98303115,0.361324,-3.1264505,-1.2675803,0.0,0.0
0.2680808,2.633157,1.0313232,0.33909562,-3.4130597,-1.0714515,0.0,0.0
0.31819916,2.6531193,0.9043452,0.10800412,-3.6787407,-1.065128,0.0,0.0
0.3644454,2.6624541,0.86150825,0.110644855,-3.9815927,-1.3112211,0.0,0.0
0.4093686,2.6693509,0.86370116,0.09012667,-4.3091054,-1.309286,0.0,0.0
0.45383987,2.6718454,0.87940705,0.040141214,-4.602478,-1.0827957,0.0,0.0
0.49774408,2.672525,0.88360757,0.05067306,-4.911349,-1.3242738,0.0,0.0
0.5408279,2.6720545,0.8862845,0.028535234,-5.242118,-1.3222799,0.0,0.0
0.5836546,2.6714067,0.92007434,0.032942194,-5.6077495,-1.5604656,0.0,0.0
0.61950016,2.685774,0.7346326,0.21237259,-5.997641,-1.5587287,0.0,0.0
0.65115106,2.7070417,0.6839086,0.18363777,-6.3555937,-1.346117,0.0,0.0
0.6820402,2.7273068,0.68342763,0.1601221,-6.691807,-1.3440216,0.0,0.0
0.71893406,2.7609694,0.85626924,0.34730726,-7.025849,-1.35306,0.0,0.0
0.7603981,2.8012795,0.8838161,0.29839423,-7.398157,-1.5790012,0.0,0.0
0.8039249,2.8375614,0.89317924,0.24637276,-7.828162,-1.804439,0.0,0.0
0.8607944,2.8687553,1.2622192,0.18789522,-8.277362,-1.8003948,0.0,0.0
0.9269924,2.8955395,1.2853706,0.19441494,-8.690314,-1.5676918,0.0,0.0
0.9945587,2.9191465,1.2830467,0.17497824,-9.081613,-1.5643871,0.0,0.0
1.0082006,2.9233956,1.2904365,0.17314363,-9.158071,-1.5296633,0.0,0.0
0.011299133,1.3692374,0.19049397,-0.319413,-0.012842465,-0.04265563,0.0,0.0
0.019519234,1.3318971,0.13941363,-0.34030157,0.006586975,0.16202489,0.0,0.0
0.02575941,1.292114,0.09296702,-0.3632527,0.07560957,0.34750104,0.0,0.0
0.030239582,1.2498306,0.04852251,-0.38858154,0.18851216,0.5263975,0.0,0.0
0.032621004,1.2047358,-0.0044300435,-0.42086095,0.3545246,0.75015724,0.0,0.0
0.03517933,1.1577814,0.040737245,-0.42837062,0.5117047,0.5402748,0.0,0.0
0.03940449,1.1101332,0.082025215,-0.43345922,0.6140789,0.33382985,0.0,0.0
0.038339615,1.0720284,-0.1227047,-0.27656543,0.6966989,0.33275512,0.0,0.0
0.033745002,1.0414523,-0.08518874,-0.27605972,0.7456584,0.10955644,0.0,0.0
0.03059702,1.0105338,-0.045236792,-0.27286327,0.7364151,-0.13509229,0.0,0.0
0.02246561,0.9919041,-0.23940948,-0.092421435,0.7117927,-0.08083793,0.0,0.0
0.011186123,0.9809481,-0.20180734,-0.09298354,0.6595529,-0.29828256,0.0,0.0
0.00048513414,0.96836346,-0.20172414,-0.11465856,0.5849857,-0.29825974,0.0,0.0
-0.010243034,0.95341057,-0.20164952,-0.13633749,0.51042414,-0.29823697,0.0,0.0
-0.02099533,0.9360924,-0.20158398,-0.15801993,0.43586826,-0.29821417,0.0,0.0
-0.03287964,0.9156272,-0.24818905,-0.19408488,0.39383575,-0.08341256,0.0,0.0
-0.04921503,0.90499824,-0.36499494,-0.03403809,0.37195006,-0.08897163,0.0,0.0
-0.06874609,0.8989928,-0.40920573,-0.0672573,0.3795978,0.10789983,0.0,0.0
-0.09229479,0.9055391,-0.52628624,0.16075596,0.41024858,0.14186184,0.0,0.0
-0.121033765,0.9374439,-0.6021086,0.34342664,0.45295227,0.19700961,0.0,0.0
-0.15655747,0.98915577,-0.80567867,0.5291351,0.49759996,0.15816015,0.0,0.0
-0.19649276,1.0475211,-0.8056593,0.50751233,0.5371395,0.15815654,0.0,0.0
-0.23749423,1.10246,-0.84878606,0.4667092,0.6112063,0.38164896,0.0,0.0
-0.27832523,1.1552919,-0.8144792,0.46239838,0.6776079,0.19326018,0.0,0.0
-0.32724652,1.2177384,-1.104624,0.6258523,0.71777564,0.14985639,0.0,0.0
-0.38219565,1.2870699,-1.1046005,0.6042346,0.7552393,0.14985348,0.0,0.0
-0.4362825,1.3551887,-1.0671017,0.60588634,0.758297,-0.08002051,0.0,0.0
-0.49719405,1.4357023,-1.2900524,0.76817447,0.7429291,-0.054842632,0.0,0.0
-0.5626568,1.519394,-1.3267558,0.7244861,0.76216775,0.16634628,0.0,0.0
-0.63520885,1.6090231,-1.5384033,0.83967537,0.801875,0.1597938,0.0,0.0
-0.71940255,1.7142978,-1.7845802,0.9909068,0.84425855,0.1800092,0.0,0.0
-0.8164169,1.8378644,-2.0743906,1.1571972,0.895238,0.2057915,0.0,0.0
-0.91914004,1.9684654,-2.0444477,1.1597649,0.9140487,-0.011795227,0.0,0.0
-1.0054879,2.077943,-2.2485347,1.2598858,0.91370964,0.002520868,0.0,0.0
0.03469324,1.3978893,0.58821356,0.023682708,-0.03313323,-0.10978025,0.0,0.0
0.06268263,1.3991503,0.53837943,0.0030551772,-0.031757426,0.09026855,0.0,0.0
0.09106407,1.3979659,0.5901876,-0.019372974,-0.04025882,-0.11748479,0.0,0.0
0.12149429,1.394201,0.64090383,-0.04381625,-0.10022055,-0.32086077,0.0,0.0
0.15293626,1.4051313,0.6645824,0.18662225,-0.18601124,-0.34725654,0.0,0.0
0.18530807,1.4249592,0.6645423,0.16489889,-0.27281994,-0.34722033,0.0,0.0
0.21848278,1.4559318,0.71106637,0.34831667,-0.36836392,-0.39603382,0.0,0.0
0.25194272,1.4948821,0.663772,0.33853355,-0.43475458,-0.18676877,0.0,0.0
0.28861094,1.5460722,0.7989987,0.51792943,-0.48418298,-0.19682585,0.0,0.0
0.32812423,1.6032423,0.79896945,0.49629393,-0.53338844,-0.19681935,0.0,0.0
0.36764842,1.6580101,0.79893774,0.47465938,-0.5825923,-0.19681284,0.0,0.0
0.40612277,1.7113466,0.754415,0.47192076,-0.59752893,0.030703012,0.0,0.0
0.4514037,1.7795557,1.0123999,0.6904632,-0.58993924,0.04221667,0.0,0.0
0.502113,1.855686,1.0123987,0.6688616,-0.5793852,0.04221567,0.0,0.0
0.5538794,1.9284348,1.0541317,0.6298774,-0.6027148,-0.16962202,0.0,0.0
0.60623646,1.9982123,1.0541054,0.6082529,-0.64511955,-0.16961767,0.0,0.0
0.663291,2.0737755,1.2220064,0.72449994,-0.68580127,-0.16479507,0.0,0.0
0.72304803,2.1554613,1.1801007,0.7252798,-0.68960226,0.07229728,0.0,0.0
0.7812182,2.2366123,1.1371357,0.7265104,-0.6358165,0.3143325,0.0,0.0
0.83968717,2.3150966,1.1767181,0.68543893,-0.59114385,0.0999325,0.0,0.0
0.89873487,2.3905423,1.1767093,0.66383016,-0.566161,0.099931255,0.0,0.0
0.9623909,2.4770572,1.336818,0.8369455,-0.54525965,0.08178897,0.0,0.0
1.0043175,2.5363007,1.4197541,0.91146845,-0.53164166,0.0853991,0.0,0.0
0.036995985,1.405634,0.623718,-0.04990265,-0.042063817,-0.13966319,0.0,0.0
0.06673889,1.3986517,0.5770124,-0.069762796,-0.04945294,0.048294075,0.0,0.0
0.095710374,1.3893366,0.57697535,-0.09137308,-0.03738692,0.048255593,0.0,0.0
0.12586717,1.3775048,0.62486345,-0.114613205,-0.055170123,-0.14386411,0.0,0.0
0.15786466,1.3630692,0.6722003,-0.13936068,-0.11975672,-0.34303218,0.0,0.0
0.1906457,1.346074,0.6723502,-0.16156675,-0.2034946,-0.3349386,0.0,0.0
0.22219905,1.327014,0.6233207,-0.17735127,-0.25544524,-0.1336348,0.0,0.0
0.25183496,1.3061384,0.57524025,-0.191075,-0.25732166,0.06777217,0.0,0.0
0.28193417,1.2826174,0.6218169,-0.2217546,-0.27165923,-0.13015142,0.0,0.0
0.31149435,1.2568189,0.56957483,-0.2343496,-0.27199632,0.08971823,0.0,0.0
0.3404545,1.2399216,0.5904531,-0.08597447,-0.25734746,0.04452348,0.0,0.0
0.37127095,1.228175,0.6396027,-0.11770857,-0.2782247,-0.16543663,0.0,0.0
0.40480155,1.2289946,0.71103936,0.08660597,-0.324452,-0.19510855,0.0,0.0
0.44406176,1.2489376,0.85412854,0.23059599,-0.3665992,-0.1452106,0.0,0.0
0.48981658,1.2869985,0.96497023,0.40674797,-0.40347666,-0.15240435,0.0,0.0
0.53867495,1.3307492,1.0085541,0.36985868,-0.47073045,-0.35906875,0.0,0.0
0.58830863,1.3715631,1.0084571,0.34813935,-0.5604917,-0.35902888,0.0,0.0
0.6369602,1.4110067,0.9644634,0.34590772,-0.6169383,-0.13113074,0.0,0.0
0.6839199,1.4498012,0.92283076,0.34457922,-0.6158253,0.09359898,0.0,0.0
0.735808,1.4990472,1.1114347,0.49363703,-0.5928336,0.10209707,0.0,0.0
0.79265344,1.5519543,1.1543545,0.45463094,-0.6012712,-0.1138891,0.0,0.0
0.8501352,1.6018915,1.1543424,0.43301976,-0.6297433,-0.11388779,0.0,0.0
0.91426563,1.6642963,1.3533227,0.6063128,-0.66077846,-0.12836902,0.0,0.0
0.98946726,1.7450216,1.5890878,0.7710883,-0.69067115,-0.11804618,0.0,0.0
1.0052633,1.7623978,1.5827439,0.7705375,-0.694687,-0.08031775,0.0,0.0
-0.011310577,1.4122686,-0.17678067,0.097447656,0.015751973,0.06805961,0.0,0.0
-0.019979382,1.421779,-0.17683052,0.075838126,0.03275633,0.06800358,0.0,0.0
-0.027477741,1.4288744,-0.12613161,0.055181462,0.020310419,-0.1352649,0.0,0.0
-0.03295498,1.4476297,-0.08962326,0.23587985,-0.007469965,-0.09666107,0.0,0.0
-0.036520194,1.4725525,-0.040104575,0.2109341,-0.06074603,-0.29501718,0.0,0.0
-0.038210202,1.4948626,0.0051113563,0.18690883,-0.16115862,-0.47709006,0.0,0.0
-0.03774643,1.5305544,0.05897365,0.41460603,-0.28360134,-0.5031501,0.0,0.0
-0.03490267,1.5758839,0.10241644,0.38327834,-0.43892127,-0.6911377,0.0,0.0
-0.03025217,1.6179805,0.14360729,0.34444994,-0.64388746,-0.8982488,0.0,0.0
-0.020345211,1.6660789,0.32166117,0.44358924,-0.8700064,-0.88945115,0.0,0.0
-0.0055453302,1.7172877,0.32066184,0.42149782,-1.0922779,-0.8888458,0.0,0.0
0.009642601,1.7663654,0.3195252,0.3995654,-1.3143982,-0.88824195,0.0,0.0
0.03843546,1.8161855,0.7329947,0.4214147,-1.533038,-0.8794781,0.0,0.0
0.07528448,1.8636384,0.7295659,0.3636661,-1.7936254,-1.1522864,0.0,0.0
0.11296997,1.9088635,0.7426423,0.37429526,-2.0442367,-0.9040734,0.0,0.0
0.1518693,1.9541346,0.7704958,0.3860093,-2.2300506,-0.6308668,0.0,0.0
0.19737434,1.9888854,0.96129245,0.23216273,-2.3841484,-0.6079955,0.0,0.0
0.2539088,2.0036004,1.1632949,0.047727007,-2.5380185,-0.60351384,0.0,0.0
0.3123641,2.0077078,1.1207529,0.010266363,-2.721992,-0.811546,0.0,0.0
0.3703367,2.0084171,1.120385,-0.010684165,-2.9248095,-0.8110862,0.0,0.0
0.4308073,1.991445,1.1884402,-0.24030638,-3.1309357,-0.83355457,0.0,0.0
0.49233198,1.9440066,1.1696483,-0.51898164,-3.341632,-0.8391349,0.0,0.0
0.54931736,1.8665924,1.0733896,-0.77684855,-3.5484333,-0.8424013,0.0,0.0
0.59991616,1.7596148,0.89051104,-1.0285927,-3.7609482,-0.842426,0.0,0.0
0.6470051,1.6392922,0.92939603,-1.0715103,-3.9378824,-0.6184988,0.0,0.0
0.69449484,1.5155116,0.9298487,-1.0928401,-4.0924764,-0.6182949,0.0,0.0
0.7426084,1.3876418,0.9618346,-1.1437835,-4.2082973,-0.3622264,0.0,0.0
0.78284186,1.2486448,0.6758948,-1.2865449,-4.3021817,-0.3954808,0.0,0.0
0.81748295,1.0995411,0.6950611,-1.337496,-4.3649983,-0.1611627,0.0,0.0
0.8520359,0.94853824,0.68177825,-1.3296199,-4.4399443,-0.38908044,0.0,0.0
0.8860895,0.7974761,0.6714243,-1.3217345,-4.569686,-0.6150137,0.0,0.0
0.9199602,0.64327496,0.6763876,-1.3755853,-4.6844125,-0.37043583,0.0,0.0
0.9537613,0.48723686,0.6778626,-1.3646824,-4.8125167,-0.61565936,0.0,0.0
0.9874008,0.32994854,0.6784598,-1.38634,-4.966401,-0.61545825,0.0,0.0
1.0008482,0.2667138,0.68384725,-1.3811507,-5.0356503,-0.7217351,0.0,0.0
-0.027167702,1.4481281,-0.45802444,0.26492217,0.030901132,0.102562405,0.0,0.0
-0.048549842,1.476523,-0.40469846,0.24468304,0.024821991,-0.111507334,0.0,0.0
-0.06988354,1.51822,-0.41095132,0.46875125,-0.0061889524,-0.11383413,0.0,0.0
-0.091902636,1.5695539,-0.4618333,0.44793242,-0.004854297,0.09022031,0.0,0.0
-0.11464958,1.6341083,-0.4577403,0.6471422,0.018294137,0.09545797,0.0,0.0
-0.13618346,1.7204341,-0.434601,0.8411114,0.04846225,0.12700258,0.0,0.0
-0.15759239,1.8136312,-0.43459958,0.8194944,0.080212586,0.1270007,0.0,0.0
-0.1777463,1.9046072,-0.3829715,0.8010391,0.08016159,-0.08104793,0.0,0.0
-0.19789895,2.0077522,-0.42308602,1.0019022,0.059557628,-0.096587166,0.0,0.0
-0.2206892,2.1187475,-0.4814085,0.97636354,0.07062011,0.13837287,0.0,0.0
-0.24497266,2.2444248,-0.510706,1.1932191,0.106849045,0.13907795,0.0,0.0
-0.27191582,2.3935406,-0.55797386,1.4278738,0.13932891,0.1384348,0.0,0.0
-0.2994681,2.5527985,-0.5579692,1.4062539,0.1739373,0.13843273,0.0,0.0
-0.3282206,2.709388,-0.610457,1.3785142,0.23922674,0.35373563,0.0,0.0
-0.36075982,2.879623,-0.7115551,1.5950654,0.32775775,0.35311574,0.0,0.0
-0.3955025,3.058087,-0.71148705,1.573343,0.41603097,0.35307768,0.0,0.0
-0.4291707,3.234956,-0.6692563,1.5652567,0.4722108,0.15637764,0.0,0.0
-0.46481386,3.4204357,-0.77159816,1.6827501,0.516034,0.16357848,0.0,0.0
-0.503037,3.608603,-0.7715769,1.6611257,0.5569282,0.16357535,0.0,0.0
-0.5474435,3.808765,-0.96075344,1.8569984,0.59757465,0.18052654,0.0,0.0
-0.59427917,4.017463,-0.92431146,1.8522166,0.61481136,-0.01188595,0.0,0.0
-0.64577293,4.2365384,-1.0752016,1.9976747,0.6136305,0.008502924,0.0,0.0
-0.6995154,4.4598365,-1.0752017,1.9760746,0.61575615,0.008503256,0.0,0.0
-0.75325793,4.6807065,-1.0752017,1.9544746,0.6178821,0.008504976,0.0,0.0
-0.80612063,4.9000955,-1.0363091,1.95183,0.589775,-0.20119135,0.0,0.0
-0.863621,5.132897,-1.209717,2.1409347,0.5445235,-0.17650913,0.0,0.0
-0.9233939,5.372906,-1.1619211,2.1369743,0.46594894,-0.40887886,0.0,0.0
-0.9824333,5.6112185,-1.1618099,2.1152158,0.3637382,-0.4088203,0.0,0.0
-1.0063215,5.7057505,-1.1839846,2.1012857,0.33021027,-0.3116091,0.0,0.0
-0.012739753,1.4099281,-0.21478608,-0.017997107,0.014494323,0.048096124,0.0,0.0
-0.022181893,1.4064461,-0.16436307,-0.039311193,-0.0030360166,-0.15392858,0.0,0.0
-0.032063104,1.4006283,-0.21895865,-0.06052184,-0.009426091,0.065120496,0.0,0.0
-0.043926526,1.3923144,-0.2663472,-0.08308842,0.033906918,0.25455397,0.0,0.0
-0.056605816,1.3815445,-0.26640195,-0.105721794,0.09750923,0.25435004,0.0,0.0
-0.07064076,1.3851255,-0.31497565,0.14663213,0.16098605,0.25756058,0.0,0.0
-0.08752193,1.4144663,-0.38374925,0.32385477,0.22496949,0.24526556,0.0,0.0
-0.10504713,1.4500122,-0.3389407,0.30974644,0.25858644,0.05731954,0.0,0.0
-0.12185383,1.4834576,-0.33893937,0.28814322,0.2729163,0.057319395,0.0,0.0
-0.14185467,1.5276654,-0.421662,0.47189793,0.284107,0.061885845,0.0,0.0
-0.16385832,1.5788679,-0.4668537,0.4403115,0.3285288,0.2571442,0.0,0.0
-0.18659067,1.6272843,-0.46681827,0.4186465,0.39281267,0.2571296,0.0,0.0
-0.20830469,1.673978,-0.4233852,0.40968943,0.42749828,0.05946076,0.0,0.0
-0.23045817,1.7179005,-0.4697547,0.37263504,0.47546208,0.2773413,0.0,0.0
-0.2543691,1.7580261,-0.51192635,0.33475694,0.5767489,0.48473233,0.0,0.0
-0.27897233,1.7953075,-0.51171404,0.31295583,0.69791734,0.4846343,0.0,0.0
-0.3036593,1.8303084,-0.5114669,0.29117334,0.8190612,0.4845364,0.0,0.0
-0.32844156,1.8630122,-0.5111886,0.2694121,0.9401806,0.48443848,0.0,0.0
-0.35402098,1.8919903,-0.5387978,0.21858402,1.0973201,0.7298284,0.0,0.0
-0.3807556,1.9161471,-0.55701333,0.16498609,1.316323,0.98059845,0.0,0.0
-0.408005,1.9385134,-0.5492281,0.17530683,1.5250536,0.7364755,0.0,0.0
-0.44545215,1.95893,-0.9242813,0.13781928,1.7078463,0.72784936,0.0,0.0
-0.49191776,1.9739032,-0.9121445,0.0803804,1.9292603,1.002507,0.0,0.0
-0.5482075,1.9782485,-1.2425543,-0.05766242,2.1797535,0.9953228,0.0,0.0
-0.6125863,1.9743195,-1.2716994,-0.0560651,2.3987598,0.78592986,0.0,0.0
-0.67773783,1.9683828,-1.2710831,-0.077162124,2.5951788,0.78551215,0.0,0.0
-0.7488126,1.9470721,-1.4388825,-0.27902928,2.796283,0.81063545,0.0,0.0
-0.8237922,1.9156759,-1.4847845,-0.2898936,2.9693153,0.611086,0.0,0.0
-0.8995674,1.8818569,-1.4847095,-0.31110296,3.122057,0.61088955,0.0,0.0
-0.9739917,1.8453245,-1.4292203,-0.3299553,3.3087883,0.83391315,0.0,0.0
-1.0034037,1.8299351,-1.4292929,-0.33830562,3.3921645,0.83371335,0.0,0.0
-0.01842041,1.3402159,-0.33823508,-0.53487986,0.04577182,0.24641526,0.0,0.0
-0.035836793,1.2785871,-0.3844815,-0.55856526,0.13551581,0.43130165,0.0,0.0
-0.055361558,1.234092,-0.4333802,-0.29670113,0.24696657,0.45826226,0.0,0.0
-0.07478323,1.2002112,-0.3874532,-0.3098119,0.33094528,0.26218355,0.0,0.0
-0.09353523,1.1642244,-0.38705146,-0.3324138,0.39645565,0.26197648,0.0,0.0
-0.11124678,1.1264672,-0.34238487,-0.34069905,0.4319604,0.05767281,0.0,0.0
-0.12718716,1.0874782,-0.2969562,-0.34914225,0.41593695,-0.14915475,0.0,0.0
-0.1423829,1.0465208,-0.2969424,-0.37076372,0.37864876,-0.14915189,0.0,0.0
-0.16207457,1.0169501,-0.45142522,-0.18101119,0.3372419,-0.18048021,0.0,0.0
-0.18401042,0.9953832,-0.40569252,-0.19374225,0.2633462,-0.37531298,0.0,0.0
-0.20522118,0.97181225,-0.40564066,-0.21548574,0.16952476,-0.37526742,0.0,0.0
-0.22769627,0.9455708,-0.45522752,-0.24275024,0.107934624,-0.17257959,0.0,0.0
-0.252616,0.9338519,-0.49445286,-0.025067916,0.061999828,-0.17875193,0.0,0.0
-0.2791992,0.92946255,-0.5526342,-0.04791594,0.05274283,0.054466523,0.0,0.0
-0.30816752,0.93870324,-0.58329153,0.1360717,0.062260915,0.04143099,0.0,0.0
-0.33739752,0.9706302,-0.6068623,0.38082802,0.07548392,0.04474259,0.0,0.0
-0.36641175,1.0121694,-0.5544187,0.3622275,0.05597679,-0.16637635,0.0,0.0
-0.3934154,1.0516016,-0.50695217,0.342671,-0.014327282,-0.35695657,0.0,0.0
-0.41966534,1.0887635,-0.5069602,0.32093763,-0.10356054,-0.3569174,0.0,0.0
-0.44697857,1.123767,-0.55420446,0.30314368,-0.16561913,-0.16546562,0.0,0.0
-0.473895,1.1561832,-0.5044337,0.27432904,-0.23819035,-0.37162727,0.0,0.0
-0.4965437,1.2026694,-0.38543123,0.49048522,-0.32881993,-0.3537554,0.0,0.0
-0.5155729,1.2562895,-0.3393106,0.45619723,-0.44723195,-0.5608373,0.0,0.0
-0.52883744,1.3220761,-0.14541742,0.67414117,-0.5891237,-0.56758714,0.0,0.0
-0.5382721,1.3988554,-0.18855461,0.67374843,-0.6959146,-0.333187,0.0,0.0
-0.54917467,1.4751807,-0.22647195,0.6746089,-0.74645287,-0.10714275,0.0,0.0
-0.55986893,1.5487269,-0.19205645,0.6310623,-0.8062924,-0.32127073,0.0,0.0
-0.56258315,1.6304858,0.055304844,0.77076155,-0.88909125,-0.33527306,0.0,0.0
-0.5517395,1.7270584,0.3348767,0.89375204,-0.9735654,-0.33870614,0.0,0.0
-0.53487426,1.8258017,0.36094144,0.8427352,-1.093118,-0.58217484,0.0,0.0
-0.517934,1.9227692,0.34091535,0.85054314,-1.2007166,-0.34678376,0.0,0.0
-0.50160325,2.0200176,0.32260802,0.86414206,-1.2462533,-0.071931496,0.0,0.0
-0.48552966,2.1160352,0.32260028,0.8425402,-1.264236,-0.07193051,0.0,0.0
-0.46906203,2.2081287,0.33832514,0.79152673,-1.3172796,-0.3026495,0.0,0.0
-0.45261678,2.298351,0.32595676,0.8004611,-1.3580612,-0.066940375,0.0,0.0
-0.42602247,2.3900552,0.6918275,0.8331875,-1.3735453,-0.07170109,0.0,0.0
-0.39166647,2.4842618,0.6828945,0.84451103,-1.353799,0.1789465,0.0,0.0
-0.34932512,2.5816636,0.9350235,0.8913713,-1.3142008,0.13826466,0.0,0.0
-0.30280933,2.6817117,0.9197098,0.90414387,-1.2399324,0.40452176,0.0,0.0
-0.24651638,2.784913,1.2177377,0.95548385,-1.1354815,0.40925735,0.0,0.0
-0.1846694,2.8880558,1.2402234,0.9051002,-1.068907,0.17457983,0.0,0.0
-0.12291746,2.9891999,1.2165658,0.9108512,-0.9930024,0.4007667,0.0,0.0
-0.06150017,3.0889747,1.2163582,0.88915473,-0.89281905,0.40071136,0.0,0.0
-1.411438e-05,3.1864038,1.216166,0.8674449,-0.7926494,0.40065604,0.0,0.0
0.06153507,3.2814953,1.2159915,0.84572256,-0.69249374,0.4006006,0.0,0.0
0.12920466,3.386903,1.4437592,1.0246522,-0.59424305,0.40032068,0.0,0.0
0.20110378,3.5010922,1.3938322,1.0232369,-0.45593393,0.6507337,0.0,0.0
0.27334547,3.613038,1.4400294,0.9881114,-0.32380036,0.44009084,0.0,0.0
0.34754658,3.721815,1.4857966,0.95800984,-0.24391124,0.24617243,0.0,0.0
0.422445,3.8279312,1.4857754,0.9363476,-0.18237007,0.24615964,0.0,0.0
0.49616632,3.931883,1.4356965,0.91865766,-0.09074529,0.44882017,0.0,0.0
0.5679697,4.033703,1.385699,0.89656746,0.049419876,0.64859664,0.0,0.0
0.6381279,4.1527076,1.3379527,1.1559051,0.21338879,0.6489238,0.0,0.0
0.7034861,4.298325,1.205561,1.3890287,0.3748469,0.62968826,0.0,0.0
0.765205,4.4541507,1.2058177,1.3670481,0.53223646,0.6294732,0.0,0.0
0.8268116,4.6078277,1.2061607,1.3450987,0.6895726,0.6292585,0.0,0.0
0.8873556,4.7581487,1.1715242,1.2999536,0.8818681,0.8521655,0.0,0.0
0.9479586,4.9071608,1.205695,1.3097392,1.0545263,0.5786691,0.0,0.0
0.998871,5.0640216,0.8769291,1.3912233,1.2022746,0.5704445,0.0,0.0
1.0077823,5.0957584,0.8820901,1.394337,1.227804,0.5105894,0.0,0.0
0.046210956,1.4316998,0.80420005,0.27323997,-0.044576563,-0.12694317,0.0,0.0
0.086351775,1.4764974,0.8166416,0.48598555,-0.0777547,-0.13482642,0.0,0.0
0.12627725,1.544666,0.8078424,0.6744983,-0.11819236,-0.17225972,0.0,0.0
0.16624165,1.6191758,0.80796033,0.6528479,-0.16123162,-0.17212044,0.0,0.0
0.20720406,1.6911063,0.8522132,0.62596995,-0.22994192,-0.36200315,0.0,0.0
0.24776812,1.7607515,0.80392444,0.61145335,-0.28738827,-0.15190095,0.0,0.0
0.28858805,1.8277807,0.8456646,0.58041567,-0.35226846,-0.33290678,0.0,0.0
0.33111858,1.891451,0.88980496,0.5452061,-0.46483532,-0.5357244,0.0,0.0
0.38065776,1.9653473,1.1213257,0.7289966,-0.59297156,-0.49035364,0.0,0.0
0.4357318,2.0470192,1.1211021,0.7071918,-0.7155446,-0.4902522,0.0,0.0
0.49089345,2.1264107,1.1208429,0.6854068,-0.8380923,-0.49015084,0.0,0.0
0.5549482,2.215739,1.4431742,0.8519716,-0.9636075,-0.5072504,0.0,0.0
0.6264311,2.311764,1.4428315,0.8302253,-1.0904032,-0.50713813,0.0,0.0
0.7062605,2.4125593,1.7006344,0.8923205,-1.2202747,-0.51185954,0.0,0.0
0.8019978,2.517235,2.0393329,0.93389016,-1.3433886,-0.500207,0.0,0.0
0.90348625,2.62429,2.0289054,0.9443684,-1.4323025,-0.25449318,0.0,0.0
1.0130053,2.732326,2.3034163,0.9558831,-1.4984207,-0.27250966,0.0,0.0
-0.017174434,1.3545685,-0.32069018,-0.4285333,0.05030456,0.27135533,0.0,0.0
-0.031458188,1.3050425,-0.275602,-0.44795948,0.09109816,0.088998325,0.0,0.0
-0.04501648,1.2532222,-0.2756639,-0.46957988,0.11333661,0.08893265,0.0,0.0
-0.0574543,1.1991355,-0.22596765,-0.48790243,0.10712504,-0.111797646,0.0,0.0
-0.06903038,1.1427264,-0.22576182,-0.51047075,0.07919056,-0.111714244,0.0,0.0
-0.080600835,1.0838118,-0.22576046,-0.53208375,0.051262185,-0.11171311,0.0,0.0
-0.09217167,1.0224779,-0.22575955,-0.55369693,0.02333399,-0.11171311,0.0,0.0
-0.10374279,0.95872396,-0.22575927,-0.5753101,-0.004594059,-0.111711904,0.0,0.0
-0.11454954,0.90678436,-0.20939605,-0.3823241,-0.02949056,-0.10041638,0.0,0.0
-0.12559251,0.88087535,-0.21435204,-0.13858742,-0.05817462,-0.12076956,0.0,0.0
-0.1373167,0.87766314,-0.23802324,0.03685127,-0.09446931,-0.16401203,0.0,0.0
-0.15066786,0.88063043,-0.28030497,0.018900042,-0.10908277,0.007277449,0.0,0.0
-0.16359034,0.88100094,-0.23513103,-0.007621712,-0.13480863,-0.17671801,0.0,0.0
-0.17461339,0.8785619,-0.18503018,-0.03419494,-0.20896475,-0.38079393,0.0,0.0
-0.18356876,0.8732549,-0.1322447,-0.064651474,-0.3361455,-0.6024424,0.0,0.0
-0.19052944,0.86487764,-0.0873738,-0.09931229,-0.51589125,-0.8066456,0.0,0.0
-0.19765654,0.8548798,-0.13106921,-0.10292909,-0.68365526,-0.5846429,0.0,0.0
-0.20022841,0.85464424,0.055227894,0.03489213,-0.8354659,-0.6089111,0.0,0.0
-0.18926573,0.8697054,0.37940603,0.17468809,-0.98621356,-0.59716123,0.0,0.0
-0.17166051,0.8913571,0.35340366,0.18369783,-1.098806,-0.34463274,0.0,0.0
-0.15435915,0.9117511,0.35323498,0.16204388,-1.1849592,-0.34459752,0.0,0.0
-0.12987366,0.9367732,0.60610354,0.23568751,-1.2797992,-0.39156765,0.0,0.0
-0.100141145,0.9648425,0.59269816,0.24579698,-1.3413869,-0.14637466,0.0,0.0
-0.07058497,0.99158007,0.59266514,0.22419208,-1.3779802,-0.14637198,0.0,0.0
-0.04076309,1.0143176,0.60149187,0.17230895,-1.4505774,-0.37768918,0.0,0.0
-0.010696029,1.0319154,0.6033074,0.117295526,-1.5845134,-0.62947506,0.0,0.0
0.01959486,1.046033,0.602685,0.0957202,-1.74185,-0.6292605,0.0,0.0
0.050325107,1.0593687,0.6132054,0.1065588,-1.8605883,-0.3811875,0.0,0.0
0.09324713,1.065757,0.9897912,-0.0009459344,-1.9567633,-0.3797029,0.0,0.0
0.1436185,1.0672739,1.0119838,0.011707934,-2.010477,-0.10721736,0.0,0.0
0.19433613,1.0674996,1.0119674,-0.009886845,-2.0372808,-0.1072164,0.0,0.0
0.2450593,1.065291,1.0119513,-0.03148133,-2.064085,-0.107215405,0.0,0.0
0.2957881,1.0606478,1.0119355,-0.053075537,-2.0908892,-0.10721461,0.0,0.0
0.34714594,1.0551543,1.0382521,-0.04456992,-2.079095,0.14236684,0.0,0.0
0.39828205,1.0465928,1.0127003,-0.097477786,-2.0825434,-0.11403042,0.0,0.0
0.44906148,1.0345438,1.0126827,-0.119071014,-2.111051,-0.11402933,0.0,0.0
0.4993208,1.0187027,0.9875663,-0.16755544,-2.1723123,-0.33954123,0.0,0.0
0.5492101,0.99943143,0.98741895,-0.18908446,-2.2571926,-0.33950743,0.0,0.0
0.606403,0.96813124,1.2065057,-0.34638956,-2.341438,-0.33026284,0.0,0.0
0.6665945,0.9273591,1.1731126,-0.39066517,-2.4560244,-0.5451767,0.0,0.0
0.7263649,0.88316834,1.1728305,-0.41201577,-2.5922976,-0.54503715,0.0,0.0
0.7852133,0.83534646,1.1284032,-0.45019588,-2.7612166,-0.7611833,0.0,0.0
0.84347,0.78409785,1.1281116,-0.47121873,-2.9514556,-0.76080394,0.0,0.0
0.9005369,0.7296192,1.0790708,-0.49569207,-3.1735816,-0.9586052,0.0,0.0
0.9581429,0.67186075,1.133555,-0.52019703,-3.3815565,-0.7378216,0.0,0.0
1.0042264,0.62367266,1.1012148,-0.530232,-3.5472507,-0.8773104,0.0,0.0
0.03533707,1.3826437,0.5838485,-0.118000336,-0.04436618,-0.16386674,0.0,0.0
0.06411953,1.3679483,0.583967,-0.1396345,-0.08530851,-0.1637333,0.0,0.0
0.091609955,1.3510516,0.5300289,-0.1575088,-0.09330696,0.05440653,0.0,0.0
0.12084284,1.3466586,0.60544884,0.033032134,-0.07168191,0.10154877,0.0,0.0
0.15256158,1.3487709,0.65517735,0.008607353,-0.07632922,-0.09863807,0.0,0.0
0.1862134,1.3483078,0.7037206,-0.014006977,-0.12959872,-0.29291785,0.0,0.0
0.22243671,1.3612521,0.754547,0.22423677,-0.20214191,-0.30509946,0.0,0.0
0.26048985,1.3850148,0.80046284,0.19537982,-0.3062439,-0.49708825,0.0,0.0
0.30051574,1.4055862,0.8463584,0.161298,-0.46304846,-0.7023367,0.0,0.0
0.34697658,1.4354432,1.052196,0.32417476,-0.6335473,-0.6682683,0.0,0.0
0.3973508,1.4731609,1.0127155,0.32408938,-0.76704353,-0.44205794,0.0,0.0
0.45530424,1.5213759,1.2670034,0.46809137,-0.8777894,-0.44524536,0.0,0.0
0.5179755,1.5739272,1.2667568,0.44636422,-0.9890893,-0.4451693,0.0,0.0
0.5813904,1.6227198,1.293596,0.39442265,-1.1361971,-0.697229,0.0,0.0
0.6454458,1.6681057,1.292887,0.37263307,-1.3104607,-0.6969372,0.0,0.0
0.7094387,1.7126408,1.2813781,0.3803772,-1.4504195,-0.47015524,0.0,0.0
0.78378165,1.7577839,1.6306454,0.38445327,-1.5699952,-0.48294345,0.0,0.0
0.86539614,1.8030581,1.6335375,0.39780828,-1.653577,-0.21866803,0.0,0.0
0.9571718,1.8447211,1.9701641,0.3348936,-1.7052654,-0.1927943,0.0,0.0
1.0192101,1.8663559,2.1233637,0.31151345,-1.7335585,-0.1991522,0.0,0.0
0.03968067,1.4173051,0.70002824,0.03573977,-0.07404962,-0.3511886,0.0,0.0
0.07380839,1.4200151,0.70027196,0.014011462,-0.16179188,-0.35087973,0.0,0.0
0.106683634,1.4207096,0.6481918,-0.0008214107,-0.21661818,-0.13506564,0.0,0.0
0.13876362,1.4192743,0.6482767,-0.02246317,-0.25036722,-0.13496526,0.0,0.0
0.17212915,1.4149398,0.699099,-0.053480174,-0.31841835,-0.35822088,0.0,0.0
0.2073927,1.4073199,0.7469513,-0.087379314,-0.4370684,-0.5608274,0.0,0.0
0.24349213,1.3970426,0.74672306,-0.10927309,-0.5772524,-0.5606758,0.0,0.0
0.2786829,1.3854975,0.7063924,-0.11287578,-0.68458015,-0.34985003,0.0,0.0
0.31333724,1.3722177,0.7062663,-0.13457356,-0.77203715,-0.34981316,0.0,0.0
0.34803906,1.3565807,0.70612794,-0.15626366,-0.8594849,-0.3497763,0.0,0.0
0.38205594,1.3399274,0.6735437,-0.15077765,-0.91187745,-0.10870854,0.0,0.0
0.42353457,1.3297772,0.9764327,-0.034641325,-0.93622315,-0.09147082,0.0,0.0
0.48177797,1.3360088,1.2859814,0.112737924,-0.9612961,-0.11504449,0.0,0.0
0.5466336,1.3460492,1.316117,0.06091524,-1.0289117,-0.3718732,0.0,0.0
0.61136323,1.3542073,1.2895205,0.07054539,-1.0843333,-0.113995925,0.0,0.0
0.6761955,1.3597612,1.310467,0.02177261,-1.1446294,-0.33497328,0.0,0.0
0.74097764,1.3633788,1.2921321,0.029027114,-1.1943038,-0.105769575,0.0,0.0
0.81591034,1.3706908,1.6393397,0.094024576,-1.2180306,-0.102549575,0.0,0.0
0.89779013,1.3801775,1.6393242,0.072420806,-1.2436676,-0.10254737,0.0,0.0
0.9896555,1.3919418,2.0069747,0.1252311,-1.2686069,-0.094885394,0.0,0.0
1.0096794,1.3948436,2.0030239,0.12761395,-1.270701,-0.041884076,0.0,0.0
-0.03623562,1.4016159,-0.57904714,-0.07957608,0.008869825,-0.07668294,0.0,0.0
-0.06416712,1.3912413,-0.528086,-0.100960635,-0.040738318,-0.28038618,0.0,0.0
-0.09017114,1.3925128,-0.47468558,0.08303375,-0.10812874,-0.24856809,0.0,0.0
-0.11340084,1.4183542,-0.42230874,0.3272257,-0.17200564,-0.250037,0.0,0.0
-0.13513383,1.4538724,-0.42246756,0.3045975,-0.23448437,-0.24985063,0.0,0.0
-0.15795203,1.4872928,-0.47064838,0.29080945,-0.2685331,-0.04818707,0.0,0.0
-0.18282089,1.5191615,-0.5232511,0.27957195,-0.2477776,0.17565282,0.0,0.0
-0.2085506,1.5490037,-0.5232624,0.2579406,-0.203865,0.17564818,0.0,0.0
-0.23316899,1.5761683,-0.47676855,0.2307207,-0.18842052,-0.01522278,0.0,0.0
-0.2581025,1.6010784,-0.52212465,0.21606378,-0.16449988,0.17296664,0.0,0.0
-0.2821775,1.6419281,-0.46484375,0.44730216,-0.1225518,0.17307106,0.0,0.0
-0.3061822,1.6910033,-0.51350933,0.42965886,-0.048693217,0.37008914,0.0,0.0
-0.330921,1.7378677,-0.51351357,0.4079156,0.043822538,0.3700455,0.0,0.0
-0.35566297,1.7824157,-0.51349795,0.38617268,0.13632733,0.37000194,0.0,0.0
-0.37928692,1.8247895,-0.4650341,0.36870825,0.20027219,0.17317797,0.0,0.0
-0.40520826,1.8789763,-0.5750383,0.58031446,0.238702,0.1425545,0.0,0.0
-0.43242764,1.9433489,-0.52546495,0.5670398,0.24329425,-0.06533482,0.0,0.0
-0.45886183,2.0056248,-0.52546346,0.5454355,0.22696061,-0.06533431,0.0,0.0
-0.48529643,2.0654743,-0.525462,0.523831,0.21062705,-0.06533407,0.0,0.0
-0.510563,2.1232398,-0.4749752,0.50828713,0.1640045,-0.27263004,0.0,0.0
-0.536202,2.1785915,-0.5255321,0.4824433,0.12656197,-0.06765206,0.0,0.0
-0.5639068,2.231104,-0.5784908,0.45561475,0.14176936,0.14779443,0.0,0.0
-0.59123516,2.2811859,-0.52820224,0.4381485,0.14758055,-0.05605012,0.0,0.0
-0.6166304,2.3292358,-0.481471,0.4204458,0.10406268,-0.2455385,0.0,0.0
-0.6426095,2.3748553,-0.53462243,0.39622784,0.075144194,-0.031733964,0.0,0.0
-0.67054343,2.4178543,-0.5820516,0.37238732,0.095523335,0.15896991,0.0,0.0
-0.6979389,2.458483,-0.5286141,0.3532041,0.10231311,-0.05578006,0.0,0.0
-0.72537404,2.5098915,-0.5772018,0.5432169,0.088356055,-0.073091984,0.0,0.0
-0.75570744,2.569266,-0.6312424,0.5173068,0.10282917,0.14538464,0.0,0.0
-0.7856731,2.6263058,-0.58169353,0.50015205,0.10787013,-0.05556082,0.0,0.0
-0.81607217,2.6970685,-0.6191427,0.7234926,0.09369136,-0.05539017,0.0,0.0
-0.8474424,2.7897973,-0.6321132,0.9044263,0.082126014,-0.041909892,0.0,0.0
-0.8802739,2.8898683,-0.6811284,0.8795052,0.10006299,0.15580814,0.0,0.0
-0.91627514,2.9984057,-0.7595531,1.0320588,0.13202202,0.109272264,0.0,0.0
-0.9539789,3.113114,-0.75955045,1.0104463,0.1593399,0.10927113,0.0,0.0
-0.99273074,3.2251763,-0.80512476,0.98382264,0.21344376,0.2956806,0.0,0.0
-1.0006357,3.2472641,-0.8051192,0.9794847,0.22822757,0.29567617,0.0,0.0
0.032554626,1.3788799,0.5199675,-0.24851531,-0.011211037,0.061216615,0.0,0.0
0.059738826,1.364907,0.5311924,-0.036534544,0.008720013,0.0714555,0.0,0.0
0.08766546,1.3593521,0.58361936,-0.05809306,-0.0032456175,-0.13862859,0.0,0.0
0.11530657,1.3513983,0.53536236,-0.07906829,-0.00795156,0.054995853,0.0,0.0
0.14203043,1.3539739,0.54410064,0.08210384,0.004739783,0.062510386,0.0,0.0
0.16818781,1.3616616,0.49525517,0.058776665,0.05069064,0.2583713,0.0,0.0
0.19360276,1.3668917,0.49526232,0.03710694,0.11528124,0.2583565,0.0,0.0
0.22019319,1.3699758,0.54533553,0.020140735,0.14982542,0.054899544,0.0,0.0
0.2449584,1.3850853,0.47027898,0.21851484,0.1581725,0.031931885,0.0,0.0
0.26716548,1.4225413,0.39978907,0.41514593,0.16691911,0.015917897,0.0,0.0
0.2859316,1.4674631,0.34848976,0.38704553,0.20344515,0.22686556,0.0,0.0
0.30106315,1.5247166,0.25300843,0.58123046,0.25732026,0.20655498,0.0,0.0
0.31535387,1.5892748,0.30005106,0.56749207,0.27895656,0.0091099655,0.0,0.0
0.32634935,1.6669029,0.19304518,0.7815751,0.2762234,0.0033578477,0.0,0.0
0.33475503,1.7528745,0.13987099,0.75027335,0.31045356,0.22833057,0.0,0.0
0.34332818,1.8365684,0.18233985,0.7376948,0.339631,0.045319702,0.0,0.0
0.34862167,1.9328214,0.05525543,0.9425442,0.34901732,0.04035202,0.0,0.0
0.3514804,2.0374527,0.055256307,0.92094254,0.35910538,0.040352378,0.0,0.0
0.3501768,2.1545925,-0.07358281,1.1213841,0.36748865,0.03808734,0.0,0.0
0.34769374,2.2799752,-0.02580725,1.1118134,0.34604013,-0.17309502,0.0,0.0
0.34706688,2.4039576,0.017522117,1.0996097,0.273034,-0.3603231,0.0,0.0
0.34593087,2.5254133,-0.032516718,1.069149,0.21289802,-0.14970395,0.0,0.0
0.34493485,2.6444802,0.013521871,1.0544345,0.149285,-0.34055835,0.0,0.0
0.3447543,2.7614996,0.013544125,1.0327138,0.06415056,-0.3405243,0.0,0.0
0.34576568,2.876413,0.062435973,1.0134853,-0.051179364,-0.5368483,0.0,0.0
0.34753743,2.9891894,0.062394153,0.9915846,-0.18537147,-0.536715,0.0,0.0
0.3514698,3.113086,0.12984712,1.1780387,-0.31881753,-0.54557127,0.0,0.0
0.35776454,3.244366,0.17722218,1.1432081,-0.4851575,-0.7590361,0.0,0.0
0.36500502,3.3730562,0.17675482,1.1210915,-0.6748599,-0.75865996,0.0,0.0
0.3733427,3.4985583,0.2122386,1.0752208,-0.898281,-0.9875725,0.0,0.0
0.3826104,3.6212072,0.21097286,1.053046,-1.1450498,-0.986745,0.0,0.0
0.39288855,3.7399757,0.22583807,0.99614674,-1.4336869,-1.257518,0.0,0.0
0.40435687,3.853723,0.22578414,0.94240385,-1.7838473,-1.4979311,0.0,0.0
0.4166773,3.9615924,0.19995357,0.8851235,-2.2014065,-1.7849766,0.0,0.0
0.43065128,4.0656595,0.23434174,0.8897339,-2.6127741,-1.5443444,0.0,0.0
0.44702023,4.167154,0.27700192,0.8815595,-2.967922,-1.3452089,0.0,0.0
0.46551085,4.265324,0.3285411,0.86335385,-3.2718995,-1.1344036,0.0,0.0
0.48581353,4.359795,0.3742315,0.83667475,-3.5272527,-0.9442957,0.0,0.0
0.5055686,4.4515896,0.33076292,0.8328489,-3.794993,-1.1597023,0.0,0.0
0.524196,4.5407686,0.33220428,0.81230724,-4.084717,-1.1583617,0.0,0.0
0.54289377,4.6254835,0.35807586,0.76336086,-4.338679,-0.92490876,0.0,0.0
0.5610507,4.7080536,0.34594947,0.77277964,-4.605133,-1.1618376,0.0,0.0
0.57831085,4.7891464,0.34810895,0.751214,-4.89539,-1.160489,0.0,0.0
0.5946349,4.866345,0.33539325,0.69780755,-5.14786,-0.9140645,0.0,0.0
0.6102392,4.940404,0.33657175,0.6757783,-5.3762774,-0.9134067,0.0,0.0
0.624712,5.0110226,0.30149075,0.6284711,-5.567792,-0.6746074,0.0,0.0
0.63339293,5.0882773,0.13626328,0.74861246,-5.7364616,-0.6778126,0.0,0.0
0.63472635,5.184308,0.013292864,0.932291,-5.900512,-0.6441351,0.0,0.0
0.6338438,5.286975,0.01351521,0.9102699,-6.0615115,-0.6439046,0.0,0.0
0.63163644,5.387068,-0.036419578,0.88177675,-6.1890664,-0.4375597,0.0,0.0
0.6287096,5.48473,-0.036399376,0.85997075,-6.298445,-0.43748742,0.0,0.0
0.6257845,5.5801206,-0.036412977,0.8381645,-6.407806,-0.43741497,0.0,0.0
0.62177753,5.6734767,-0.08325039,0.82214254,-6.4891047,-0.2451605,0.0,0.0
0.61809504,5.764389,-0.03863741,0.79337925,-6.578635,-0.4315812,0.0,0.0
0.6151325,5.852731,-0.038733285,0.7715889,-6.68652,-0.43151188,0.0,0.0
0.6112221,5.9394374,-0.08063398,0.76282793,-6.7657127,-0.23822239,0.0,0.0
0.6066626,6.024237,-0.08067774,0.741174,-6.8252664,-0.23821068,0.0,0.0
0.6030725,6.1057763,-0.04073424,0.70185125,-6.915477,-0.44529802,0.0,0.0
0.601103,6.1832643,-0.004560139,0.6598417,-7.0603175,-0.65472937,0.0,0.0
0.600592,6.2566366,0.027898297,0.611992,-7.258659,-0.8890176,0.0,0.0
0.60019034,6.328499,0.00026130007,0.6201239,-7.4422054,-0.637887,0.0,0.0
0.59965646,6.39908,-0.0003534075,0.59836584,-7.601644,-0.6376631,0.0,0.0
0.6095934,6.468379,0.37310117,0.5978708,-7.75486,-0.6023983,0.0,0.0
0.62811565,6.5382586,0.37168908,0.61021954,-7.8650455,-0.34599596,0.0,0.0
0.6591789,6.607242,0.7643071,0.5849877,-7.954968,-0.35775113,0.0,0.0
0.6975187,6.672943,0.7641009,0.5634048,-8.044399,-0.35771164,0.0,0.0
0.73566514,6.734473,0.75045156,0.50801384,-8.172853,-0.618369,0.0,0.0
0.7741709,6.7940702,0.76932526,0.5184676,-8.287698,-0.36531177,0.0,0.0
0.8130571,6.852178,0.7691308,0.49693146,-8.37902,-0.36526972,0.0,0.0
0.85138494,6.906445,0.74033916,0.44922146,-8.504228,-0.5935233,0.0,0.0
0.8893816,6.9572287,0.7398984,0.42786416,-8.652581,-0.5933429,0.0,0.0
0.9284338,7.006755,0.78133386,0.43131334,-8.763241,-0.3435331,0.0,0.0
0.9672556,7.053488,0.739463,0.39052373,-8.882731,-0.56453574,0.0,0.0
1.0008335,7.0802007,0.8585988,0.20613341,-8.995341,-0.55144876,0.0,0.0
-0.033002853,1.4794286,-0.5849012,0.49614036,0.06661185,0.31605437,0.0,0.0
-0.060205363,1.533939,-0.53078115,0.47637454,0.114078216,0.09773396,0.0,0.0
-0.08763657,1.5859387,-0.57789856,0.45028448,0.16730143,0.28891307,0.0,0.0
-0.11791859,1.6470703,-0.6473111,0.6096048,0.23671974,0.27411884,0.0,0.0
-0.14847326,1.7148163,-0.5975207,0.595406,0.275298,0.065886274,0.0,0.0
-0.17927074,1.7953398,-0.6453101,0.80253255,0.2997568,0.11487563,0.0,0.0
-0.21008678,1.8848567,-0.5965079,0.79085785,0.2966797,-0.09404736,0.0,0.0
-0.24014063,1.9722692,-0.596504,0.76924896,0.27316797,-0.09404667,0.0,0.0
-0.2735119,2.0732296,-0.70403385,0.9647745,0.24786422,-0.112241015,0.0,0.0
-0.3119194,2.194733,-0.80957854,1.1561483,0.21729176,-0.13926992,0.0,0.0
-0.3562955,2.3403728,-0.93552953,1.3807216,0.17727895,-0.18679856,0.0,0.0
-0.40230384,2.4944537,-0.88440764,1.3641229,0.098822236,-0.394999,0.0,0.0
-0.44639882,2.6465201,-0.83725893,1.3441216,-0.028256502,-0.584221,0.0,0.0
-0.4897334,2.7964728,-0.8372965,1.3221656,-0.17428589,-0.58404934,0.0,0.0
-0.5330346,2.944274,-0.8374116,1.3002168,-0.32027248,-0.5838779,0.0,0.0
-0.57741725,3.0905104,-0.88683856,1.2912995,-0.43467376,-0.36410308,0.0,0.0
-0.6215223,3.2342625,-0.84327734,1.254626,-0.556459,-0.57170665,0.0,0.0
-0.66486645,3.3752027,-0.84356624,1.2327431,-0.6993613,-0.5715459,0.0,0.0
-0.7088425,3.5148766,-0.87607414,1.230651,-0.81388974,-0.3754334,0.0,0.0
-0.7469524,3.6643505,-0.6506357,1.3616632,-0.91437256,-0.39891088,0.0,0.0
-0.7800667,3.8173175,-0.65083826,1.3399653,-1.0140918,-0.39885634,0.0,0.0
-0.8043731,3.9763546,-0.3394149,1.4548358,-1.1160289,-0.42390078,0.0,0.0
-0.82125616,4.1386414,-0.3200331,1.4048753,-1.2560906,-0.65123415,0.0,0.0
-0.8376605,4.297627,-0.32067612,1.3831576,-1.4188637,-0.65099657,0.0,0.0
-0.8440767,4.456107,-0.009106572,1.3839715,-1.58235,-0.655872,0.0,0.0
-0.8443398,4.614614,-0.0051306994,1.3972168,-1.7060919,-0.3922323,0.0,0.0
-0.8442713,4.7733316,0.0034896391,1.4061825,-1.7697526,-0.1588525,0.0,0.0
-0.8442064,4.9290667,-0.006813022,1.3529047,-1.8454502,-0.40117532,0.0,0.0
-0.84423125,5.081257,-0.007055112,1.3313552,-1.9457356,-0.40111977,0.0,0.0
-0.84417325,5.230971,-0.007288394,1.3098212,-2.046007,-0.4010643,0.0,0.0
-0.843498,5.3796797,0.018252403,1.3181833,-2.1105716,-0.15367039,0.0,0.0
-0.8417057,5.5285563,0.04790394,1.3274531,-2.110618,0.10715882,0.0,0.0
-0.8394473,5.676085,0.047888316,1.305859,-2.0838294,0.10715634,0.0,0.0
-0.83036304,5.8147845,0.28572854,1.179006,-2.055067,0.13054632,0.0,0.0
-0.8167141,5.944105,0.26464003,1.1304325,-2.0562775,-0.08905326,0.0,0.0
-0.8028047,6.071645,0.28885153,1.1388124,-2.0415552,0.15638277,0.0,0.0
-0.7880412,6.199169,0.3098417,1.1460835,-1.9687289,0.38931152,0.0,0.0
-0.76157534,6.3201537,0.7085643,1.0317721,-1.8755726,0.38032627,0.0,0.0
-0.71841824,6.430147,0.95122796,0.9647649,-1.781327,0.38051814,0.0,0.0
-0.67102075,6.535801,0.95100343,0.94319224,-1.6862046,0.38047048,0.0,0.0
-0.6139012,6.63678,1.2641381,0.8873453,-1.5882205,0.4061892,0.0,0.0
-0.5384282,6.7325697,1.6428331,0.8608263,-1.4830977,0.42041975,0.0,0.0
-0.44744343,6.8311553,1.9669969,0.9145201,-1.3879256,0.35345113,0.0,0.0
-0.33972406,6.93386,2.2732606,0.93404734,-1.2985855,0.35932168,0.0,0.0
-0.21694389,7.039495,2.6088557,0.964831,-1.2063714,0.38756064,0.0,0.0
-0.08649864,7.146656,2.5894234,0.9725951,-1.0763323,0.6216877,0.0,0.0
0.043805886,7.252615,2.5889013,0.95078504,-0.9209415,0.6214808,0.0,0.0
0.17428055,7.3563395,2.5884342,0.92892385,-0.76560235,0.62127393,0.0,0.0
0.3057583,7.4566813,2.6281543,0.8845646,-0.643756,0.38849813,0.0,0.0
0.43895262,7.552822,2.6720443,0.84291875,-0.58054125,0.15746322,0.0,0.0
0.5728919,7.6458735,2.672023,0.8212966,-0.54117596,0.15745987,0.0,0.0
0.70784664,7.7355504,2.7150416,0.7825759,-0.5344845,-0.056714207,0.0,0.0
0.84347516,7.8222427,2.7150395,0.76097286,-0.5486626,-0.056713004,0.0,0.0
0.979105,7.906508,2.7150369,0.7393699,-0.562841,-0.056713246,0.0,0.0
1.006231,7.9230695,2.7150362,0.7350493,-0.5656767,-0.05671314,0.0,0.0
0.02792511,1.421189,0.4731397,0.14929104,-0.033636644,-0.1121665,0.0,0.0
0.052518748,1.4365108,0.5267156,0.12632379,-0.092237085,-0.32649806,0.0,0.0
0.07804327,1.4494193,0.5269369,0.10460123,-0.17381145,-0.32621813,0.0,0.0
0.105864145,1.4753938,0.59480184,0.28682992,-0.2538965,-0.32037666,0.0,0.0
0.13482961,1.5065246,0.5945248,0.26417133,-0.33394957,-0.3201309,0.0,0.0
0.16271296,1.5358448,0.55055517,0.25425303,-0.3835923,-0.12418611,0.0,0.0
0.18995066,1.5631727,0.55054593,0.23263814,-0.41463858,-0.12418421,0.0,0.0
0.21620694,1.5886645,0.5071553,0.22314218,-0.4177825,0.07180069,0.0,0.0
0.2466406,1.6285235,0.6744415,0.44165286,-0.3992456,0.080991805,0.0,0.0
0.27961415,1.677213,0.63395023,0.4307054,-0.35232136,0.26154044,0.0,0.0
0.3108383,1.7245119,0.5894447,0.41896927,-0.25635698,0.45440656,0.0,0.0
0.34388512,1.7843655,0.6720999,0.6028219,-0.14175728,0.46928495,0.0,0.0
0.379992,1.8502741,0.72707033,0.57702667,-0.058099546,0.24680369,0.0,0.0
0.4182518,1.913531,0.7807381,0.5532224,-0.028746674,0.031261478,0.0,0.0
0.45811033,1.9927444,0.8195206,0.8067864,-0.019014647,0.05872156,0.0,0.0
0.5002637,2.0995793,0.83970106,1.0545199,-0.00031251495,0.07400428,0.0,0.0
0.5437295,2.2167873,0.8945028,1.0329939,-0.014307595,-0.14548865,0.0,0.0
0.5878584,2.3481555,0.90001506,1.2665875,-0.05307562,-0.15152162,0.0,0.0
0.6330679,2.5025551,0.92593753,1.4701198,-0.09088375,-0.14955583,0.0,0.0
0.67930335,2.6808681,0.9566224,1.6761794,-0.1313323,-0.155938,0.0,0.0
0.7278906,2.867743,1.0044549,1.6486531,-0.19985496,-0.35204753,0.0,0.0
0.7784201,3.0516756,1.0517721,1.6191671,-0.31854567,-0.5501135,0.0,0.0
0.8285074,3.233815,1.0015236,1.6111363,-0.42236105,-0.32504982,0.0,0.0
0.8789051,3.413336,1.0468321,1.5730442,-0.53554875,-0.5430318,0.0,0.0
0.93111384,3.589061,1.0868114,1.5320219,-0.7039702,-0.7580234,0.0,0.0
0.98326933,3.7630608,1.052043,1.5323757,-0.8616915,-0.54159814,0.0,0.0
1.0055605,3.834389,1.1513046,1.583965,-0.91584945,-0.5468764,0.0,0.0
-0.019137096,1.3391604,-0.2946658,-0.54198146,-0.005518637,-0.11227375,0.0,0.0
-0.03533249,1.2767656,-0.34244376,-0.56301963,-0.0039144265,0.07941353,0.0,0.0
-0.052255917,1.2119687,-0.34250218,-0.58463466,0.015928442,0.07935586,0.0,0.0
-0.0679513,1.1447399,-0.29148027,-0.6055904,0.004870332,-0.12510478,0.0,0.0
-0.08283901,1.075135,-0.29141772,-0.62817097,-0.02639004,-0.12501338,0.0,0.0
-0.09802923,1.0148005,-0.29065418,-0.46933785,-0.06037297,-0.13501371,0.0,0.0
-0.112902835,0.96058017,-0.2906562,-0.4909568,-0.094126016,-0.13501118,0.0,0.0
-0.12666473,0.9038884,-0.24604063,-0.5146033,-0.15578362,-0.3143664,0.0,0.0
-0.1377161,0.8602172,-0.1853055,-0.31876686,-0.23346502,-0.31453776,0.0,0.0
-0.1466053,0.8228399,-0.13804494,-0.34847823,-0.34205237,-0.5132996,0.0,0.0
-0.15571995,0.7834278,-0.18127625,-0.35920316,-0.4424901,-0.3214671,0.0,0.0
-0.16170473,0.75687605,-0.03171022,-0.1465068,-0.52768284,-0.35029507,0.0,0.0
-0.15945359,0.7524857,0.13464761,0.03163848,-0.61809385,-0.37016624,0.0,0.0
-0.15443954,0.75651973,0.09527208,0.030305823,-0.6766134,-0.15191689,0.0,0.0
-0.14302559,0.77141035,0.3538504,0.20924428,-0.7144441,-0.1456737,0.0,0.0
-0.12560788,0.7938611,0.3538283,0.1876276,-0.75086236,-0.14567113,0.0,0.0
-0.101090714,0.8254665,0.5786131,0.32671195,-0.78809136,-0.15005699,0.0,0.0
-0.07242374,0.8611738,0.57858765,0.30509558,-0.82560515,-0.15005411,0.0,0.0
-0.043011,0.8931959,0.61052775,0.25964472,-0.89657354,-0.36951017,0.0,0.0
-0.013039875,0.9220768,0.6103565,0.23795839,-0.9889445,-0.36946675,0.0,0.0
0.025423717,0.95679075,0.8663928,0.332148,-1.0819618,-0.3833943,0.0,0.0
0.068322085,0.9940106,0.86618555,0.31047952,-1.177803,-0.38334584,0.0,0.0
0.1112957,1.0288469,0.86596966,0.2888246,-1.2736324,-0.38329744,0.0,0.0
0.15463142,1.0595719,0.876797,0.23309909,-1.4085875,-0.643484,0.0,0.0
0.1981842,1.0885185,0.87254924,0.24524662,-1.5299124,-0.38807917,0.0,0.0
0.24181119,1.1161244,0.8723122,0.22364463,-1.6269245,-0.3880289,0.0,0.0
0.29669333,1.1400876,1.2323384,0.17946725,-1.7243536,-0.38776737,0.0,0.0
0.35869083,1.1622324,1.2419882,0.1957436,-1.7768949,-0.09955627,0.0,0.0
0.42084447,1.1831648,1.2419728,0.1741458,-1.801784,-0.099555396,0.0,0.0
0.4827835,1.1999941,1.2313157,0.12009602,-1.8644292,-0.3473939,0.0,0.0
0.54495037,1.2146802,1.2467227,0.12716226,-1.9192544,-0.12260993,0.0,0.0
0.61805266,1.2215832,1.583524,0.0020568785,-1.9486879,-0.09695433,0.0,0.0
0.6978117,1.2222774,1.6049974,0.012797981,-1.9353828,0.16165777,0.0,0.0
0.7783119,1.2231514,1.620949,0.020959789,-1.8605419,0.39479274,0.0,0.0
0.8591131,1.2225993,1.6207119,-0.0005982133,-1.7618519,0.39473984,0.0,0.0
0.94020426,1.2211561,1.626487,0.008518594,-1.6275748,0.62765926,0.0,0.0
1.0053492,1.2200409,1.6284084,0.014191974,-1.4796478,0.8006937,0.0,0.0
-0.025499249,1.446506,-0.4016931,0.25258377,0.0004826932,-0.09242287,0.0,0.0
-0.046563435,1.489263,-0.4365677,0.45583132,-0.026454981,-0.13016936,0.0,0.0
-0.06740608,1.5389758,-0.383254,0.4315362,-0.091993995,-0.34378877,0.0,0.0
-0.086279675,1.5860603,-0.3354901,0.40573487,-0.20683952,-0.5360977,0.0,0.0
-0.10317125,1.6303355,-0.2873768,0.37360573,-0.37188053,-0.74076974,0.0,0.0
-0.119226456,1.6721263,-0.28773203,0.3514836,-0.55702055,-0.74042106,0.0,0.0
-0.13620052,1.7128334,-0.33190843,0.34880176,-0.70749885,-0.51275694,0.0,0.0
-0.15286617,1.7507255,-0.29817307,0.3034035,-0.8704466,-0.7345297,0.0,0.0
-0.16885939,1.7856591,-0.29884872,0.28146306,-1.0540278,-0.7341889,0.0,0.0
-0.18459281,1.8183827,-0.2996061,0.25961068,-1.2375239,-0.7338486,0.0,0.0
-0.1996191,1.8471327,-0.28603905,0.20364681,-1.4604027,-0.9980732,0.0,0.0
-0.21393843,1.8723598,-0.28760245,0.18200718,-1.7097924,-0.99721897,0.0,0.0
-0.22760601,1.896626,-0.2785821,0.19220828,-1.9236314,-0.7540575,0.0,0.0
-0.22972965,1.9118844,0.06922924,0.053617608,-2.11044,-0.7375461,0.0,0.0
-0.22459984,1.9201748,0.09614612,0.05811263,-2.259928,-0.5137254,0.0,0.0
-0.21891403,1.9266902,0.09583424,0.036696956,-2.3883417,-0.51360863,0.0,0.0
-0.21312861,1.9306155,0.09556035,0.015306344,-2.5167265,-0.5134918,0.0,0.0
-0.20204806,1.9193274,0.28242603,-0.20627464,-2.6435006,-0.5094236,0.0,0.0
-0.18132019,1.8828359,0.46877137,-0.4367938,-2.776218,-0.54380524,0.0,0.0
-0.155435,1.8334773,0.5170723,-0.44759333,-2.8808093,-0.3344542,0.0,0.0
-0.12875614,1.7819494,0.5170306,-0.46907857,-2.964418,-0.33442193,0.0,0.0
-0.10206652,1.7279006,0.5170034,-0.4905619,-3.0480187,-0.33438975,0.0,0.0
-0.07419596,1.6714612,0.56819075,-0.50972754,-3.1019738,-0.12865445,0.0,0.0
-0.046653748,1.6125826,0.5207646,-0.53215736,-3.1641583,-0.31874272,0.0,0.0
-0.019723415,1.537415,0.51094687,-0.76338977,-3.246253,-0.32662264,0.0,0.0
0.007840157,1.449746,0.5598064,-0.788602,-3.2976022,-0.12896563,0.0,0.0
0.036152363,1.3594878,0.5598107,-0.8101847,-3.3298435,-0.12896378,0.0,0.0
0.064462945,1.2667856,0.55981576,-0.8317675,-3.3620842,-0.1289619,0.0,0.0
0.09277134,1.1716399,0.5598217,-0.8533505,-3.3943243,-0.12896028,0.0,0.0
0.12226991,1.0735881,0.6106922,-0.88427883,-3.3949687,0.08604138,0.0,0.0
0.15034238,0.95609397,0.512614,-1.1768081,-3.3759181,0.0827457,0.0,0.0
0.17318821,0.80514735,0.4395504,-1.4384396,-3.355648,0.07318728,0.0,0.0
0.19498424,0.6419217,0.43955216,-1.460034,-3.3373518,0.073187076,0.0,0.0
0.21559182,0.45906696,0.4029823,-1.7024782,-3.3238194,0.04692213,0.0,0.0
0.23562403,0.26611155,0.4029829,-1.724076,-3.3120892,0.046921812,0.0,0.0
0.25438613,0.070991576,0.34969878,-1.7403392,-3.332821,-0.17025122,0.0,0.0
0.24881926,0.054802474,-0.74765944,-0.33938548,-3.233546,2.715954,0.0,0.0
0.03323965,1.4379658,0.56038487,0.18961765,-0.037792064,-0.12548229,0.0,0.0
0.061943628,1.4712143,0.59755886,0.35346213,-0.06630837,-0.10196515,0.0,0.0
0.09156704,1.5095499,0.59763175,0.3318411,-0.09178351,-0.1018789,0.0,0.0
0.122479536,1.5452799,0.6496462,0.30612478,-0.14974427,-0.31185815,0.0,0.0
0.15309715,1.5787424,0.6050559,0.2900534,-0.20007831,-0.13658872,0.0,0.0
0.18412074,1.6095915,0.6495403,0.2608708,-0.26057738,-0.31369826,0.0,0.0
0.21583728,1.6378257,0.6494969,0.23917136,-0.33899787,-0.31367198,0.0,0.0
0.24871215,1.6630521,0.69560313,0.20452818,-0.44938752,-0.5217177,0.0,0.0
0.28529605,1.6956198,0.8242016,0.35307434,-0.58245367,-0.53482044,0.0,0.0
0.32541934,1.7350912,0.82393855,0.3312297,-0.7161388,-0.5346888,0.0,0.0
0.37483788,1.7852006,1.133354,0.48669344,-0.8458629,-0.49722284,0.0,0.0
0.43956757,1.8495994,1.4439036,0.6104815,-0.96704644,-0.47476655,0.0,0.0
0.51113033,1.9183518,1.4436034,0.5887535,-1.0857242,-0.4746743,0.0,0.0
0.5833437,1.9833285,1.4638159,0.53755945,-1.2393894,-0.71165127,0.0,0.0
0.65641993,2.043285,1.4746453,0.48365068,-1.4556439,-0.9579075,0.0,0.0
0.7302052,2.0981753,1.4728594,0.4289212,-1.7328324,-1.2069566,0.0,0.0
0.8047081,2.1493402,1.4706331,0.40770042,-2.0343447,-1.2054471,0.0,0.0
0.8877346,2.1879814,1.7390438,0.22964446,-2.3294668,-1.1611305,0.0,0.0
0.9761902,2.2140744,1.7006559,0.18988015,-2.649337,-1.3670911,0.0,0.0
1.0123682,2.2196865,1.7543789,0.08187974,-2.7847855,-1.3482476,0.0,0.0
0.025946617,1.4375575,0.40426865,0.18672581,0.0022775768,0.11930118,0.0,0.0
0.046458818,1.4571124,0.40417987,0.16510531,0.032086086,0.11920931,0.0,0.0
0.06696615,1.4742485,0.40409374,0.14348154,0.06187175,0.11911662,0.0,0.0
0.08701124,1.5041147,0.37224898,0.34274557,0.0928642,0.11220403,0.0,0.0
0.10488214,1.5411055,0.32822114,0.31748325,0.14673781,0.28977436,0.0,0.0
0.11935482,1.5909371,0.24221826,0.5435197,0.21489447,0.27124253,0.0,0.0
0.13213214,1.6508731,0.24224503,0.5218447,0.2827027,0.27122608,0.0,0.0
0.14489803,1.7084377,0.24227926,0.5001713,0.35050675,0.2712089,0.0,0.0
0.15873918,1.7642813,0.2893183,0.4907998,0.3875809,0.06217006,0.0,0.0
0.17221633,1.8173805,0.24103554,0.45493263,0.43583223,0.28231072,0.0,0.0
0.18382187,1.8667665,0.1963447,0.4169499,0.5389546,0.49814543,0.0,0.0
0.19468565,1.9132677,0.19655639,0.39513204,0.663475,0.49803907,0.0,0.0
0.20000839,1.9688823,0.02569913,0.5169076,0.79083246,0.50688124,0.0,0.0
0.19343385,2.0396097,-0.243131,0.66628295,0.9185829,0.51629364,0.0,0.0
0.18130293,2.1133542,-0.27171966,0.6170026,1.0831103,0.7531308,0.0,0.0
0.15825538,2.191557,-0.59153706,0.68815714,1.2721258,0.7489248,0.0,0.0
0.12909317,2.2702851,-0.59068245,0.6664148,1.4593022,0.7485634,0.0,0.0
0.0997529,2.3484004,-0.5872412,0.6807782,1.606531,0.47626576,0.0,0.0
0.058494855,2.4239657,-0.97142524,0.63685507,1.7250087,0.47421646,0.0,0.0
0.009854317,2.4943318,-0.9619918,0.5854925,1.8792572,0.701615,0.0,0.0
-0.03854866,2.5596488,-0.9419149,0.53366446,2.0903664,0.94341505,0.0,0.0
-0.097318746,2.6097953,-1.2810953,0.34261736,2.3230116,0.93029964,0.0,0.0
-0.162288,2.6478598,-1.243236,0.2993982,2.5912416,1.1521935,0.0,0.0
-0.22805056,2.6827085,-1.2847564,0.2920998,2.849611,0.954651,0.0,0.0
-0.29592532,2.7153823,-1.3364295,0.27902645,3.0541596,0.7375641,0.0,0.0
-0.36345538,2.745234,-1.2874539,0.2582505,3.2676134,0.9339064,0.0,0.0
-0.4301259,2.7720482,-1.2877179,0.23755217,3.500985,0.9332055,0.0,0.0
-0.49662542,2.7957597,-1.2882868,0.21678826,3.7341814,0.9325067,0.0,0.0
-0.56183714,2.8176382,-1.2503175,0.2191536,4.0037813,1.1634719,0.0,0.0
-0.6267404,2.8358994,-1.2796532,0.17218027,4.2598047,0.9359166,0.0,0.0
-0.69108665,2.8521175,-1.2651135,0.18207468,4.531767,1.1774235,0.0,0.0
-0.75471985,2.8650258,-1.2714506,0.1269938,4.787937,0.92171544,0.0,0.0
-0.8179543,2.8762083,-1.2814462,0.13940763,5.0581317,1.1815206,0.0,0.0
-0.8705653,2.8940554,-0.9867282,0.23577838,5.350611,1.1492645,0.0,0.0
-0.91716427,2.9144466,-0.95368373,0.18738195,5.600101,0.9096467,0.0,0.0
-0.9564864,2.9482043,-0.732622,0.40432185,5.8228292,0.8935857,0.0,0.0
-0.9898949,2.9901557,-0.6869155,0.36854842,6.0129786,0.6832762,0.0,0.0
-1.0031819,3.006289,-0.70692486,0.36298406,6.0871534,0.7666573,0.0,0.0
0.042292215,1.4526999,0.6834799,0.29938027,-0.021658393,0.028890252,0.0,0.0
0.076600835,1.4987378,0.6814259,0.47694024,-0.015013364,0.021219106,0.0,0.0
0.10954809,1.5510191,0.6346192,0.45618296,0.019856954,0.20852801,0.0,0.0
0.14053908,1.600981,0.5818044,0.43396956,0.10358831,0.41930357,0.0,0.0
0.17192325,1.6488231,0.6345377,0.41685915,0.17587703,0.19518217,0.0,0.0
0.20417204,1.694363,0.63489586,0.3947696,0.22667734,0.20319836,0.0,0.0
0.23342676,1.7574253,0.5382879,0.6532234,0.2786095,0.21128008,0.0,0.0
0.25971574,1.8290529,0.49031287,0.619355,0.3628698,0.42250848,0.0,0.0
0.28626317,1.8985753,0.53586316,0.61097586,0.43844223,0.21548004,0.0,0.0
0.31242886,1.9653933,0.48954135,0.5737538,0.52556634,0.4341356,0.0,0.0
0.33783025,2.029373,0.48969895,0.55198544,0.63408965,0.43406516,0.0,0.0
0.35566455,2.1061444,0.22385268,0.74842185,0.7438807,0.4324119,0.0,0.0
0.36844397,2.1910791,0.25684813,0.7468261,0.8211269,0.23203361,0.0,0.0
0.38237238,2.2754767,0.28796718,0.7491869,0.84786713,0.014111484,0.0,0.0
0.38721114,2.3713844,-0.00028059745,0.91463834,0.8522536,0.03353352,0.0,0.0
0.3864273,2.4715068,-0.036836535,0.86511105,0.8981237,0.28895038,0.0,0.0
0.38437635,2.5668645,-0.0641496,0.81680703,1.0049402,0.515932,0.0,0.0
0.38180894,2.6590042,-0.06378632,0.79506594,1.1339055,0.5158138,0.0,0.0
0.37958726,2.750299,-0.04417927,0.8027493,1.2272575,0.28140926,0.0,0.0
0.37759858,2.8401668,-0.044060517,0.7811226,1.297607,0.2813901,0.0,0.0
0.37524843,2.925777,-0.05538843,0.7254219,1.4101464,0.5421807,0.0,0.0
0.3608884,3.0098426,-0.449927,0.73355377,1.5445156,0.54438716,0.0,0.0
0.32944813,3.0925415,-0.7413381,0.69317913,1.6796094,0.52464163,0.0,0.0
0.29198503,3.172555,-0.750219,0.702145,1.7762195,0.29115695,0.0,0.0
0.25406876,3.2526295,-0.7613307,0.71050674,1.8155918,0.060834773,0.0,0.0
0.21572885,3.3327596,-0.7719841,0.7177091,1.7981282,-0.16040772,0.0,0.0
0.17697048,3.4130564,-0.7813673,0.7293201,1.7213554,-0.4136168,0.0,0.0
0.13785382,3.4937034,-0.7861283,0.7418235,1.5813191,-0.67154646,0.0,0.0
0.09844627,3.57164,-0.78795177,0.6895787,1.4475582,-0.43990842,0.0,0.0
0.058973886,3.647856,-0.7798978,0.7019524,1.2985486,-0.69793975,0.0,0.0
0.019088078,3.7212434,-0.795249,0.64927363,1.1611844,-0.45574632,0.0,0.0
-0.021688843,3.7895885,-0.81812847,0.59532905,1.0868615,-0.19595416,0.0,0.0
-0.0623642,3.8558497,-0.79715985,0.5997129,1.004813,-0.40814552,0.0,0.0
-0.110524654,3.9276774,-1.0726583,0.68595535,0.9009745,-0.43268132,0.0,0.0
-0.16487512,4.0021486,-1.0724318,0.66422755,0.7928146,-0.43261153,0.0,0.0
-0.22017679,4.072979,-1.1108531,0.6179235,0.7208848,-0.19261605,0.0,0.0
-0.27689672,4.139466,-1.1463253,0.57475346,0.7040006,0.021252127,0.0,0.0
-0.34349203,4.2178154,-1.4384301,0.7844912,0.706617,0.023460513,0.0,0.0
-0.4161976,4.303765,-1.473226,0.7449854,0.7415214,0.21732688,0.0,0.0
-0.49468938,4.3942466,-1.6589262,0.8389206,0.79428405,0.20359513,0.0,0.0
-0.5857511,4.5008597,-1.934582,0.99959224,0.847379,0.21292917,0.0,0.0
-0.69030446,4.622978,-2.2287695,1.136655,0.9006893,0.20568426,0.0,0.0
-0.80066746,4.751359,-2.1959472,1.1420847,0.91661596,-0.03618783,0.0,0.0
-0.91762495,4.8878074,-2.468182,1.2754157,0.91078585,-0.01914252,0.0,0.0
-1.016376,5.0015774,-2.4681816,1.2581357,0.9069572,-0.019142821,0.0,0.0
0.032819748,1.449228,0.55989325,0.40405455,-0.036362313,-0.11862967,0.0,0.0
0.060517598,1.4932474,0.5599793,0.382431,-0.06600346,-0.118538216,0.0,0.0
0.08705721,1.5349876,0.5118236,0.36302936,-0.06628212,0.07529879,0.0,0.0
0.11283646,1.5743532,0.51176673,0.34141627,-0.04746809,0.07524209,0.0,0.0
0.14022723,1.6275179,0.5408653,0.54940575,-0.023574851,0.083039396,0.0,0.0
0.1661663,1.687824,0.48618206,0.52712417,0.032999545,0.3109463,0.0,0.0
0.19121341,1.7643005,0.46874374,0.7499315,0.1133808,0.31507987,0.0,0.0
0.21543989,1.8473847,0.46876517,0.72822785,0.1921467,0.31505287,0.0,0.0
0.23840418,1.9277525,0.41924888,0.6983896,0.30341923,0.52262866,0.0,0.0
0.26060516,2.0055573,0.41939378,0.67651886,0.43405795,0.5225058,0.0,0.0
0.2827421,2.0811372,0.41959032,0.6546632,0.5646659,0.522383,0.0,0.0
0.30381346,2.1535542,0.37880766,0.6137398,0.7273903,0.7398902,0.0,0.0
0.3240508,2.2231605,0.37941703,0.59173125,0.91231054,0.73954177,0.0,0.0
0.34340858,2.2893012,0.35457665,0.54295194,1.1305387,0.9649973,0.0,0.0
0.36146164,2.3508618,0.3400012,0.49221638,1.4076293,1.1903603,0.0,0.0
0.36743957,2.4101193,-0.017268196,0.4748444,1.703379,1.1776093,0.0,0.0
0.36601877,2.464638,-0.0008082314,0.42071396,2.0366044,1.4313662,0.0,0.0
0.3551914,2.507501,-0.27249214,0.2802681,2.3962026,1.4370611,0.0,0.0
0.33932695,2.5395238,-0.23595604,0.2437528,2.784208,1.6215178,0.0,0.0
0.32201833,2.5491695,-0.27590707,-0.032221492,3.1826262,1.5827763,0.0,0.0
0.30564672,2.5430024,-0.22654359,-0.044983193,3.6105525,1.785779,0.0,0.0
0.28983107,2.531543,-0.26718664,-0.083900064,4.0256367,1.5682418,0.0,0.0
0.27522573,2.5169852,-0.2461236,-0.07509492,4.453963,1.8030846,0.0,0.0
0.27279836,2.4994457,0.10369302,-0.08727301,4.899844,1.7616351,0.0,0.0
0.27956954,2.4820142,0.098956965,-0.1098931,5.3395476,1.7569555,0.0,0.0
0.28768978,2.4636452,0.09532632,-0.13375238,5.778086,1.7523113,0.0,0.0
0.29660377,2.4450455,0.0934767,-0.15841766,6.2154684,1.7477039,0.0,0.0
0.305614,2.4264967,0.09376778,-0.18331173,6.651489,1.743132,0.0,0.0
0.30904835,2.4202716,-0.09286524,-0.022697713,7.084453,1.7243283,0.0,0.0
0.30681047,2.4216204,-0.089002684,-0.046229627,7.514677,1.7199345,0.0,0.0
0.30305633,2.4213216,-0.08430405,-0.0685087,7.943809,1.7155743,0.0,0.0
0.2975751,2.4202456,-0.0929321,-0.055179346,8.330411,1.4471455,0.0,0.0
0.29133788,2.4157338,-0.0635782,-0.097397275,8.72212,1.6410847,0.0,0.0
0.28016433,2.394956,-0.18734975,-0.28249255,9.128648,1.6146902,0.0,0.0
0.26679048,2.362506,-0.1865995,-0.30130106,9.531637,1.6110792,0.0,0.0
0.25459749,2.325749,-0.14592329,-0.31199598,9.959784,1.7863938,0.0,0.0
0.24485627,2.285778,-0.112292334,-0.3070777,10.43722,2.012718,0.0,0.0
0.23751612,2.2427282,-0.1183422,-0.3269362,10.939083,2.0057428,0.0,0.0
0.23233986,2.197092,-0.12486299,-0.34894612,11.439213,1.9988387,0.0,0.0
0.22951946,2.149057,-0.105151415,-0.39643127,11.906723,1.7880204,0.0,0.0
0.22732744,2.100917,-0.14880788,-0.40738314,12.382887,1.978988,0.0,0.0
0.22588949,2.053562,-0.10348717,-0.43238673,12.849109,1.7875288,0.0,0.0
0.22577123,2.007,-0.0566952,-0.44228464,13.265506,1.5708243,0.0,0.0
0.21950379,1.9708881,-0.24827409,-0.32976195,13.661071,1.5873942,0.0,0.0
0.19730969,1.9456639,-0.583808,-0.25931028,14.059885,1.601573,0.0,0.0
0.16777182,1.9210252,-0.5795947,-0.280787,14.459615,1.5980469,0.0,0.0
0.12669487,1.8850088,-0.9010026,-0.4376304,14.854613,1.5641818,0.0,0.0
0.07779064,1.8393043,-0.93615836,-0.43772337,15.2113285,1.3486531,0.0,0.0
0.028833294,1.7895528,-0.8893994,-0.4694365,15.578651,1.5503472,0.0,0.0
-0.019518757,1.7351115,-0.88935566,-0.4883943,15.9656315,1.5471472,0.0,0.0
-0.06866284,1.6757454,-0.9379075,-0.5221013,16.320673,1.3272508,0.0,0.0
-0.11721258,1.6130849,-0.90727174,-0.5203383,16.681147,1.5345118,0.0,0.0
-0.15265122,1.5397835,-0.52959406,-0.65101594,17.060408,1.5149039,0.0,0.0
-0.16777793,1.4575182,-0.17534155,-0.6883017,17.437418,1.505216,0.0,0.0
-0.1639082,1.3770254,0.20129187,-0.6413011,17.815819,1.5193138,0.0,0.0
-0.15141134,1.2990245,0.19826119,-0.6644513,18.195156,1.516301,0.0,0.0
-0.13391285,1.2338619,0.34188518,-0.4804598,18.568007,1.4923724,0.0,0.0
-0.11411457,1.177968,0.29868037,-0.5013903,18.966703,1.6626441,0.0,0.0
-0.09647741,1.1215273,0.24728851,-0.53627783,19.414625,1.8827674,0.0,0.0
-0.08070345,1.0645754,0.25110492,-0.56082475,19.884281,1.8770638,0.0,0.0
-0.07433929,1.00852,-0.045471765,-0.55512005,20.344484,1.8219061,0.0,0.0
-0.07705746,0.9531226,-0.04512543,-0.5438217,20.76077,1.5692576,0.0,0.0
-0.08120213,0.8956567,-0.041482154,-0.56420845,21.152525,1.5659496,0.0,0.0
-0.086331084,0.83441794,-0.038819987,-0.583769,21.54346,1.5626621,0.0,0.0
-0.09202623,0.76895213,-0.037528943,-0.60281783,21.93358,1.5593951,0.0,0.0
-0.09895687,0.69916433,-0.08651255,-0.62442225,22.293753,1.3583496,0.0,0.0
-0.105128385,0.6258941,-0.03885395,-0.62866044,22.667263,1.5843451,0.0,0.0
-0.10418825,0.53788126,0.16454795,-0.80590844,23.06951,1.6175947,0.0,0.0
-0.097754195,0.43858802,0.14552411,-0.8557146,23.439222,1.3852923,0.0,0.0
-0.090411566,0.33564463,0.14234456,-0.87728447,23.785206,1.3830142,0.0,0.0
-0.08235292,0.2322341,0.122169174,-0.8712507,24.166613,1.6050389,0.0,0.0
-0.07416229,0.12985076,0.08343999,-0.87163943,24.602293,1.8277715,0.0,0.0
-0.0666667,0.028744422,0.038170677,-0.8873249,25.086601,2.0109372,0.0,0.0
-0.062585354,-0.02817767,0.14044105,-0.36914587,25.316158,-2.3275719,1.0,1.0
